--
-- PostgreSQL database dump
--

-- Dumped from database version 15.4
-- Dumped by pg_dump version 15.4

SET statement_timeout = 0;
SET lock_timeout = 0;
SET idle_in_transaction_session_timeout = 0;
SET client_encoding = 'UTF8';
SET standard_conforming_strings = on;
SELECT pg_catalog.set_config('search_path', '', false);
SET check_function_bodies = false;
SET xmloption = content;
SET client_min_messages = warning;
SET row_security = off;

--
-- Name: pgcrypto; Type: EXTENSION; Schema: -; Owner: -
--

CREATE EXTENSION IF NOT EXISTS pgcrypto WITH SCHEMA public;


--
-- Name: EXTENSION pgcrypto; Type: COMMENT; Schema: -; Owner: 
--

COMMENT ON EXTENSION pgcrypto IS 'cryptographic functions';


SET default_tablespace = '';

SET default_table_access_method = heap;

--
-- Name: auth_group; Type: TABLE; Schema: public; Owner: postgres
--

CREATE TABLE public.auth_group (
    id integer NOT NULL,
    name character varying(150) NOT NULL
);


ALTER TABLE public.auth_group OWNER TO postgres;

--
-- Name: auth_group_id_seq; Type: SEQUENCE; Schema: public; Owner: postgres
--

ALTER TABLE public.auth_group ALTER COLUMN id ADD GENERATED BY DEFAULT AS IDENTITY (
    SEQUENCE NAME public.auth_group_id_seq
    START WITH 1
    INCREMENT BY 1
    NO MINVALUE
    NO MAXVALUE
    CACHE 1
);


--
-- Name: auth_group_permissions; Type: TABLE; Schema: public; Owner: postgres
--

CREATE TABLE public.auth_group_permissions (
    id bigint NOT NULL,
    group_id integer NOT NULL,
    permission_id integer NOT NULL
);


ALTER TABLE public.auth_group_permissions OWNER TO postgres;

--
-- Name: auth_group_permissions_id_seq; Type: SEQUENCE; Schema: public; Owner: postgres
--

ALTER TABLE public.auth_group_permissions ALTER COLUMN id ADD GENERATED BY DEFAULT AS IDENTITY (
    SEQUENCE NAME public.auth_group_permissions_id_seq
    START WITH 1
    INCREMENT BY 1
    NO MINVALUE
    NO MAXVALUE
    CACHE 1
);


--
-- Name: auth_permission; Type: TABLE; Schema: public; Owner: postgres
--

CREATE TABLE public.auth_permission (
    id integer NOT NULL,
    name character varying(255) NOT NULL,
    content_type_id integer NOT NULL,
    codename character varying(100) NOT NULL
);


ALTER TABLE public.auth_permission OWNER TO postgres;

--
-- Name: auth_permission_id_seq; Type: SEQUENCE; Schema: public; Owner: postgres
--

ALTER TABLE public.auth_permission ALTER COLUMN id ADD GENERATED BY DEFAULT AS IDENTITY (
    SEQUENCE NAME public.auth_permission_id_seq
    START WITH 1
    INCREMENT BY 1
    NO MINVALUE
    NO MAXVALUE
    CACHE 1
);


--
-- Name: auth_user; Type: TABLE; Schema: public; Owner: postgres
--

CREATE TABLE public.auth_user (
    id integer NOT NULL,
    password character varying(128) NOT NULL,
    last_login timestamp with time zone,
    is_superuser boolean NOT NULL,
    username character varying(150) NOT NULL,
    first_name character varying(150) NOT NULL,
    last_name character varying(150) NOT NULL,
    is_staff boolean NOT NULL,
    is_active boolean NOT NULL,
    date_joined timestamp with time zone NOT NULL,
    role_id integer,
    encrypted_email character varying(255),
    email character varying(255)
);


ALTER TABLE public.auth_user OWNER TO postgres;

--
-- Name: auth_user_groups; Type: TABLE; Schema: public; Owner: postgres
--

CREATE TABLE public.auth_user_groups (
    id bigint NOT NULL,
    user_id integer NOT NULL,
    group_id integer NOT NULL
);


ALTER TABLE public.auth_user_groups OWNER TO postgres;

--
-- Name: auth_user_groups_id_seq; Type: SEQUENCE; Schema: public; Owner: postgres
--

ALTER TABLE public.auth_user_groups ALTER COLUMN id ADD GENERATED BY DEFAULT AS IDENTITY (
    SEQUENCE NAME public.auth_user_groups_id_seq
    START WITH 1
    INCREMENT BY 1
    NO MINVALUE
    NO MAXVALUE
    CACHE 1
);


--
-- Name: auth_user_id_seq; Type: SEQUENCE; Schema: public; Owner: postgres
--

ALTER TABLE public.auth_user ALTER COLUMN id ADD GENERATED BY DEFAULT AS IDENTITY (
    SEQUENCE NAME public.auth_user_id_seq
    START WITH 1
    INCREMENT BY 1
    NO MINVALUE
    NO MAXVALUE
    CACHE 1
);


--
-- Name: auth_user_user_permissions; Type: TABLE; Schema: public; Owner: postgres
--

CREATE TABLE public.auth_user_user_permissions (
    id bigint NOT NULL,
    user_id integer NOT NULL,
    permission_id integer NOT NULL
);


ALTER TABLE public.auth_user_user_permissions OWNER TO postgres;

--
-- Name: auth_user_user_permissions_id_seq; Type: SEQUENCE; Schema: public; Owner: postgres
--

ALTER TABLE public.auth_user_user_permissions ALTER COLUMN id ADD GENERATED BY DEFAULT AS IDENTITY (
    SEQUENCE NAME public.auth_user_user_permissions_id_seq
    START WITH 1
    INCREMENT BY 1
    NO MINVALUE
    NO MAXVALUE
    CACHE 1
);


--
-- Name: authors; Type: TABLE; Schema: public; Owner: postgres
--

CREATE TABLE public.authors (
    author_id integer NOT NULL,
    first_name character varying(255) NOT NULL,
    last_name character varying(255) NOT NULL,
    middle_name character varying(255)
);


ALTER TABLE public.authors OWNER TO postgres;

--
-- Name: authors_author_id_seq; Type: SEQUENCE; Schema: public; Owner: postgres
--

CREATE SEQUENCE public.authors_author_id_seq
    AS integer
    START WITH 1
    INCREMENT BY 1
    NO MINVALUE
    NO MAXVALUE
    CACHE 1;


ALTER TABLE public.authors_author_id_seq OWNER TO postgres;

--
-- Name: authors_author_id_seq; Type: SEQUENCE OWNED BY; Schema: public; Owner: postgres
--

ALTER SEQUENCE public.authors_author_id_seq OWNED BY public.authors.author_id;


--
-- Name: bookmarks; Type: TABLE; Schema: public; Owner: postgres
--

CREATE TABLE public.bookmarks (
    bookmark_id integer NOT NULL,
    book_id integer,
    page_number integer,
    date_added timestamp without time zone DEFAULT CURRENT_TIMESTAMP,
    users_id integer
);


ALTER TABLE public.bookmarks OWNER TO postgres;

--
-- Name: bookmarks_bookmark_id_seq; Type: SEQUENCE; Schema: public; Owner: postgres
--

CREATE SEQUENCE public.bookmarks_bookmark_id_seq
    AS integer
    START WITH 1
    INCREMENT BY 1
    NO MINVALUE
    NO MAXVALUE
    CACHE 1;


ALTER TABLE public.bookmarks_bookmark_id_seq OWNER TO postgres;

--
-- Name: bookmarks_bookmark_id_seq; Type: SEQUENCE OWNED BY; Schema: public; Owner: postgres
--

ALTER SEQUENCE public.bookmarks_bookmark_id_seq OWNED BY public.bookmarks.bookmark_id;


--
-- Name: books; Type: TABLE; Schema: public; Owner: postgres
--

CREATE TABLE public.books (
    book_id integer NOT NULL,
    book_title character varying(255) NOT NULL,
    author_id integer,
    book_file character varying(255),
    publication_year integer,
    page_count integer,
    genre_id integer,
    publisher_id integer,
    subject_id integer,
    photo_book character varying(255)
);


ALTER TABLE public.books OWNER TO postgres;

--
-- Name: books_book_id_seq; Type: SEQUENCE; Schema: public; Owner: postgres
--

CREATE SEQUENCE public.books_book_id_seq
    AS integer
    START WITH 1
    INCREMENT BY 1
    NO MINVALUE
    NO MAXVALUE
    CACHE 1;


ALTER TABLE public.books_book_id_seq OWNER TO postgres;

--
-- Name: books_book_id_seq; Type: SEQUENCE OWNED BY; Schema: public; Owner: postgres
--

ALTER SEQUENCE public.books_book_id_seq OWNED BY public.books.book_id;


--
-- Name: django_admin_log; Type: TABLE; Schema: public; Owner: postgres
--

CREATE TABLE public.django_admin_log (
    id integer NOT NULL,
    action_time timestamp with time zone NOT NULL,
    object_id text,
    object_repr character varying(200) NOT NULL,
    action_flag smallint NOT NULL,
    change_message text NOT NULL,
    content_type_id integer,
    user_id integer NOT NULL,
    CONSTRAINT django_admin_log_action_flag_check CHECK ((action_flag >= 0))
);


ALTER TABLE public.django_admin_log OWNER TO postgres;

--
-- Name: django_admin_log_id_seq; Type: SEQUENCE; Schema: public; Owner: postgres
--

ALTER TABLE public.django_admin_log ALTER COLUMN id ADD GENERATED BY DEFAULT AS IDENTITY (
    SEQUENCE NAME public.django_admin_log_id_seq
    START WITH 1
    INCREMENT BY 1
    NO MINVALUE
    NO MAXVALUE
    CACHE 1
);


--
-- Name: django_content_type; Type: TABLE; Schema: public; Owner: postgres
--

CREATE TABLE public.django_content_type (
    id integer NOT NULL,
    app_label character varying(100) NOT NULL,
    model character varying(100) NOT NULL
);


ALTER TABLE public.django_content_type OWNER TO postgres;

--
-- Name: django_content_type_id_seq; Type: SEQUENCE; Schema: public; Owner: postgres
--

ALTER TABLE public.django_content_type ALTER COLUMN id ADD GENERATED BY DEFAULT AS IDENTITY (
    SEQUENCE NAME public.django_content_type_id_seq
    START WITH 1
    INCREMENT BY 1
    NO MINVALUE
    NO MAXVALUE
    CACHE 1
);


--
-- Name: django_migrations; Type: TABLE; Schema: public; Owner: postgres
--

CREATE TABLE public.django_migrations (
    id bigint NOT NULL,
    app character varying(255) NOT NULL,
    name character varying(255) NOT NULL,
    applied timestamp with time zone NOT NULL
);


ALTER TABLE public.django_migrations OWNER TO postgres;

--
-- Name: django_migrations_id_seq; Type: SEQUENCE; Schema: public; Owner: postgres
--

ALTER TABLE public.django_migrations ALTER COLUMN id ADD GENERATED BY DEFAULT AS IDENTITY (
    SEQUENCE NAME public.django_migrations_id_seq
    START WITH 1
    INCREMENT BY 1
    NO MINVALUE
    NO MAXVALUE
    CACHE 1
);


--
-- Name: django_session; Type: TABLE; Schema: public; Owner: postgres
--

CREATE TABLE public.django_session (
    session_key character varying(40) NOT NULL,
    session_data text NOT NULL,
    expire_date timestamp with time zone NOT NULL
);


ALTER TABLE public.django_session OWNER TO postgres;

--
-- Name: educational_institution; Type: TABLE; Schema: public; Owner: postgres
--

CREATE TABLE public.educational_institution (
    institution_id integer NOT NULL,
    institution_name character varying(255) NOT NULL,
    contract_date date,
    contract_duration integer
);


ALTER TABLE public.educational_institution OWNER TO postgres;

--
-- Name: educational_institution_institution_id_seq; Type: SEQUENCE; Schema: public; Owner: postgres
--

CREATE SEQUENCE public.educational_institution_institution_id_seq
    AS integer
    START WITH 1
    INCREMENT BY 1
    NO MINVALUE
    NO MAXVALUE
    CACHE 1;


ALTER TABLE public.educational_institution_institution_id_seq OWNER TO postgres;

--
-- Name: educational_institution_institution_id_seq; Type: SEQUENCE OWNED BY; Schema: public; Owner: postgres
--

ALTER SEQUENCE public.educational_institution_institution_id_seq OWNED BY public.educational_institution.institution_id;


--
-- Name: genres; Type: TABLE; Schema: public; Owner: postgres
--

CREATE TABLE public.genres (
    genre_id integer NOT NULL,
    genre_name character varying(255) NOT NULL
);


ALTER TABLE public.genres OWNER TO postgres;

--
-- Name: genres_genre_id_seq; Type: SEQUENCE; Schema: public; Owner: postgres
--

CREATE SEQUENCE public.genres_genre_id_seq
    AS integer
    START WITH 1
    INCREMENT BY 1
    NO MINVALUE
    NO MAXVALUE
    CACHE 1;


ALTER TABLE public.genres_genre_id_seq OWNER TO postgres;

--
-- Name: genres_genre_id_seq; Type: SEQUENCE OWNED BY; Schema: public; Owner: postgres
--

ALTER SEQUENCE public.genres_genre_id_seq OWNED BY public.genres.genre_id;


--
-- Name: notes; Type: TABLE; Schema: public; Owner: postgres
--

CREATE TABLE public.notes (
    note_id integer NOT NULL,
    book_id integer,
    page_number integer,
    note_content text,
    date_added timestamp without time zone DEFAULT CURRENT_TIMESTAMP,
    users_id integer
);


ALTER TABLE public.notes OWNER TO postgres;

--
-- Name: notes_note_id_seq; Type: SEQUENCE; Schema: public; Owner: postgres
--

CREATE SEQUENCE public.notes_note_id_seq
    AS integer
    START WITH 1
    INCREMENT BY 1
    NO MINVALUE
    NO MAXVALUE
    CACHE 1;


ALTER TABLE public.notes_note_id_seq OWNER TO postgres;

--
-- Name: notes_note_id_seq; Type: SEQUENCE OWNED BY; Schema: public; Owner: postgres
--

ALTER SEQUENCE public.notes_note_id_seq OWNED BY public.notes.note_id;


--
-- Name: notifications; Type: TABLE; Schema: public; Owner: postgres
--

CREATE TABLE public.notifications (
    id bigint NOT NULL,
    title character varying(255) NOT NULL,
    message text NOT NULL,
    is_read boolean NOT NULL,
    created_at timestamp with time zone NOT NULL,
    user_id bigint NOT NULL
);


ALTER TABLE public.notifications OWNER TO postgres;

--
-- Name: notifications_id_seq; Type: SEQUENCE; Schema: public; Owner: postgres
--

ALTER TABLE public.notifications ALTER COLUMN id ADD GENERATED BY DEFAULT AS IDENTITY (
    SEQUENCE NAME public.notifications_id_seq
    START WITH 1
    INCREMENT BY 1
    NO MINVALUE
    NO MAXVALUE
    CACHE 1
);


--
-- Name: publishers; Type: TABLE; Schema: public; Owner: postgres
--

CREATE TABLE public.publishers (
    publisher_id integer NOT NULL,
    publisher_name character varying(255) NOT NULL
);


ALTER TABLE public.publishers OWNER TO postgres;

--
-- Name: publishers_publisher_id_seq; Type: SEQUENCE; Schema: public; Owner: postgres
--

CREATE SEQUENCE public.publishers_publisher_id_seq
    AS integer
    START WITH 1
    INCREMENT BY 1
    NO MINVALUE
    NO MAXVALUE
    CACHE 1;


ALTER TABLE public.publishers_publisher_id_seq OWNER TO postgres;

--
-- Name: publishers_publisher_id_seq; Type: SEQUENCE OWNED BY; Schema: public; Owner: postgres
--

ALTER SEQUENCE public.publishers_publisher_id_seq OWNED BY public.publishers.publisher_id;


--
-- Name: reviews; Type: TABLE; Schema: public; Owner: postgres
--

CREATE TABLE public.reviews (
    review_id integer NOT NULL,
    book_id integer,
    rating integer,
    review_text text,
    date_created timestamp without time zone DEFAULT CURRENT_TIMESTAMP,
    users_id integer,
    CONSTRAINT reviews_rating_check CHECK (((rating >= 1) AND (rating <= 5)))
);


ALTER TABLE public.reviews OWNER TO postgres;

--
-- Name: reviews_review_id_seq; Type: SEQUENCE; Schema: public; Owner: postgres
--

CREATE SEQUENCE public.reviews_review_id_seq
    AS integer
    START WITH 1
    INCREMENT BY 1
    NO MINVALUE
    NO MAXVALUE
    CACHE 1;


ALTER TABLE public.reviews_review_id_seq OWNER TO postgres;

--
-- Name: reviews_review_id_seq; Type: SEQUENCE OWNED BY; Schema: public; Owner: postgres
--

ALTER SEQUENCE public.reviews_review_id_seq OWNED BY public.reviews.review_id;


--
-- Name: specialties; Type: TABLE; Schema: public; Owner: postgres
--

CREATE TABLE public.specialties (
    specialty_id integer NOT NULL,
    specialty_name character varying(255) NOT NULL,
    institution_id integer
);


ALTER TABLE public.specialties OWNER TO postgres;

--
-- Name: specialties_specialty_id_seq; Type: SEQUENCE; Schema: public; Owner: postgres
--

CREATE SEQUENCE public.specialties_specialty_id_seq
    AS integer
    START WITH 1
    INCREMENT BY 1
    NO MINVALUE
    NO MAXVALUE
    CACHE 1;


ALTER TABLE public.specialties_specialty_id_seq OWNER TO postgres;

--
-- Name: specialties_specialty_id_seq; Type: SEQUENCE OWNED BY; Schema: public; Owner: postgres
--

ALTER SEQUENCE public.specialties_specialty_id_seq OWNED BY public.specialties.specialty_id;


--
-- Name: status; Type: TABLE; Schema: public; Owner: postgres
--

CREATE TABLE public.status (
    status_id integer NOT NULL,
    status_name character varying(255) NOT NULL
);


ALTER TABLE public.status OWNER TO postgres;

--
-- Name: status_status_id_seq; Type: SEQUENCE; Schema: public; Owner: postgres
--

CREATE SEQUENCE public.status_status_id_seq
    AS integer
    START WITH 1
    INCREMENT BY 1
    NO MINVALUE
    NO MAXVALUE
    CACHE 1;


ALTER TABLE public.status_status_id_seq OWNER TO postgres;

--
-- Name: status_status_id_seq; Type: SEQUENCE OWNED BY; Schema: public; Owner: postgres
--

ALTER SEQUENCE public.status_status_id_seq OWNED BY public.status.status_id;


--
-- Name: students; Type: TABLE; Schema: public; Owner: postgres
--

CREATE TABLE public.students (
    student_id integer NOT NULL,
    first_name character varying(255) NOT NULL,
    last_name character varying(255) NOT NULL,
    middle_name character varying(255),
    email character varying(255) NOT NULL,
    course integer,
    specialty_id integer,
    users_id integer,
    status_id integer
);


ALTER TABLE public.students OWNER TO postgres;

--
-- Name: students_student_id_seq; Type: SEQUENCE; Schema: public; Owner: postgres
--

CREATE SEQUENCE public.students_student_id_seq
    AS integer
    START WITH 1
    INCREMENT BY 1
    NO MINVALUE
    NO MAXVALUE
    CACHE 1;


ALTER TABLE public.students_student_id_seq OWNER TO postgres;

--
-- Name: students_student_id_seq; Type: SEQUENCE OWNED BY; Schema: public; Owner: postgres
--

ALTER SEQUENCE public.students_student_id_seq OWNED BY public.students.student_id;


--
-- Name: subject_specialty_link; Type: TABLE; Schema: public; Owner: postgres
--

CREATE TABLE public.subject_specialty_link (
    subject_specialty_id integer NOT NULL,
    specialty_id integer,
    subject_id integer,
    course integer
);


ALTER TABLE public.subject_specialty_link OWNER TO postgres;

--
-- Name: subject_specialty_link_subject_specialty_id_seq; Type: SEQUENCE; Schema: public; Owner: postgres
--

CREATE SEQUENCE public.subject_specialty_link_subject_specialty_id_seq
    AS integer
    START WITH 1
    INCREMENT BY 1
    NO MINVALUE
    NO MAXVALUE
    CACHE 1;


ALTER TABLE public.subject_specialty_link_subject_specialty_id_seq OWNER TO postgres;

--
-- Name: subject_specialty_link_subject_specialty_id_seq; Type: SEQUENCE OWNED BY; Schema: public; Owner: postgres
--

ALTER SEQUENCE public.subject_specialty_link_subject_specialty_id_seq OWNED BY public.subject_specialty_link.subject_specialty_id;


--
-- Name: subjects; Type: TABLE; Schema: public; Owner: postgres
--

CREATE TABLE public.subjects (
    subject_id integer NOT NULL,
    subject_name character varying(255) NOT NULL
);


ALTER TABLE public.subjects OWNER TO postgres;

--
-- Name: subjects_subject_id_seq; Type: SEQUENCE; Schema: public; Owner: postgres
--

CREATE SEQUENCE public.subjects_subject_id_seq
    AS integer
    START WITH 1
    INCREMENT BY 1
    NO MINVALUE
    NO MAXVALUE
    CACHE 1;


ALTER TABLE public.subjects_subject_id_seq OWNER TO postgres;

--
-- Name: subjects_subject_id_seq; Type: SEQUENCE OWNED BY; Schema: public; Owner: postgres
--

ALTER SEQUENCE public.subjects_subject_id_seq OWNED BY public.subjects.subject_id;


--
-- Name: user_roles; Type: TABLE; Schema: public; Owner: postgres
--

CREATE TABLE public.user_roles (
    role_id integer NOT NULL,
    role_name character varying(255) NOT NULL
);


ALTER TABLE public.user_roles OWNER TO postgres;

--
-- Name: user_roles_role_id_seq; Type: SEQUENCE; Schema: public; Owner: postgres
--

CREATE SEQUENCE public.user_roles_role_id_seq
    AS integer
    START WITH 1
    INCREMENT BY 1
    NO MINVALUE
    NO MAXVALUE
    CACHE 1;


ALTER TABLE public.user_roles_role_id_seq OWNER TO postgres;

--
-- Name: user_roles_role_id_seq; Type: SEQUENCE OWNED BY; Schema: public; Owner: postgres
--

ALTER SEQUENCE public.user_roles_role_id_seq OWNED BY public.user_roles.role_id;


--
-- Name: users_profile; Type: TABLE; Schema: public; Owner: postgres
--

CREATE TABLE public.users_profile (
    id bigint NOT NULL,
    image character varying(100) NOT NULL,
    user_id integer NOT NULL
);


ALTER TABLE public.users_profile OWNER TO postgres;

--
-- Name: users_profile_id_seq; Type: SEQUENCE; Schema: public; Owner: postgres
--

ALTER TABLE public.users_profile ALTER COLUMN id ADD GENERATED BY DEFAULT AS IDENTITY (
    SEQUENCE NAME public.users_profile_id_seq
    START WITH 1
    INCREMENT BY 1
    NO MINVALUE
    NO MAXVALUE
    CACHE 1
);


--
-- Name: authors author_id; Type: DEFAULT; Schema: public; Owner: postgres
--

ALTER TABLE ONLY public.authors ALTER COLUMN author_id SET DEFAULT nextval('public.authors_author_id_seq'::regclass);


--
-- Name: bookmarks bookmark_id; Type: DEFAULT; Schema: public; Owner: postgres
--

ALTER TABLE ONLY public.bookmarks ALTER COLUMN bookmark_id SET DEFAULT nextval('public.bookmarks_bookmark_id_seq'::regclass);


--
-- Name: books book_id; Type: DEFAULT; Schema: public; Owner: postgres
--

ALTER TABLE ONLY public.books ALTER COLUMN book_id SET DEFAULT nextval('public.books_book_id_seq'::regclass);


--
-- Name: educational_institution institution_id; Type: DEFAULT; Schema: public; Owner: postgres
--

ALTER TABLE ONLY public.educational_institution ALTER COLUMN institution_id SET DEFAULT nextval('public.educational_institution_institution_id_seq'::regclass);


--
-- Name: genres genre_id; Type: DEFAULT; Schema: public; Owner: postgres
--

ALTER TABLE ONLY public.genres ALTER COLUMN genre_id SET DEFAULT nextval('public.genres_genre_id_seq'::regclass);


--
-- Name: notes note_id; Type: DEFAULT; Schema: public; Owner: postgres
--

ALTER TABLE ONLY public.notes ALTER COLUMN note_id SET DEFAULT nextval('public.notes_note_id_seq'::regclass);


--
-- Name: publishers publisher_id; Type: DEFAULT; Schema: public; Owner: postgres
--

ALTER TABLE ONLY public.publishers ALTER COLUMN publisher_id SET DEFAULT nextval('public.publishers_publisher_id_seq'::regclass);


--
-- Name: reviews review_id; Type: DEFAULT; Schema: public; Owner: postgres
--

ALTER TABLE ONLY public.reviews ALTER COLUMN review_id SET DEFAULT nextval('public.reviews_review_id_seq'::regclass);


--
-- Name: specialties specialty_id; Type: DEFAULT; Schema: public; Owner: postgres
--

ALTER TABLE ONLY public.specialties ALTER COLUMN specialty_id SET DEFAULT nextval('public.specialties_specialty_id_seq'::regclass);


--
-- Name: status status_id; Type: DEFAULT; Schema: public; Owner: postgres
--

ALTER TABLE ONLY public.status ALTER COLUMN status_id SET DEFAULT nextval('public.status_status_id_seq'::regclass);


--
-- Name: students student_id; Type: DEFAULT; Schema: public; Owner: postgres
--

ALTER TABLE ONLY public.students ALTER COLUMN student_id SET DEFAULT nextval('public.students_student_id_seq'::regclass);


--
-- Name: subject_specialty_link subject_specialty_id; Type: DEFAULT; Schema: public; Owner: postgres
--

ALTER TABLE ONLY public.subject_specialty_link ALTER COLUMN subject_specialty_id SET DEFAULT nextval('public.subject_specialty_link_subject_specialty_id_seq'::regclass);


--
-- Name: subjects subject_id; Type: DEFAULT; Schema: public; Owner: postgres
--

ALTER TABLE ONLY public.subjects ALTER COLUMN subject_id SET DEFAULT nextval('public.subjects_subject_id_seq'::regclass);


--
-- Name: user_roles role_id; Type: DEFAULT; Schema: public; Owner: postgres
--

ALTER TABLE ONLY public.user_roles ALTER COLUMN role_id SET DEFAULT nextval('public.user_roles_role_id_seq'::regclass);


--
-- Data for Name: auth_group; Type: TABLE DATA; Schema: public; Owner: postgres
--

COPY public.auth_group (id, name) FROM stdin;
\.


--
-- Data for Name: auth_group_permissions; Type: TABLE DATA; Schema: public; Owner: postgres
--

COPY public.auth_group_permissions (id, group_id, permission_id) FROM stdin;
\.


--
-- Data for Name: auth_permission; Type: TABLE DATA; Schema: public; Owner: postgres
--

COPY public.auth_permission (id, name, content_type_id, codename) FROM stdin;
1	Can add log entry	1	add_logentry
2	Can change log entry	1	change_logentry
3	Can delete log entry	1	delete_logentry
4	Can view log entry	1	view_logentry
5	Can add permission	2	add_permission
6	Can change permission	2	change_permission
7	Can delete permission	2	delete_permission
8	Can view permission	2	view_permission
9	Can add group	3	add_group
10	Can change group	3	change_group
11	Can delete group	3	delete_group
12	Can view group	3	view_group
13	Can add user	4	add_user
14	Can change user	4	change_user
15	Can delete user	4	delete_user
16	Can view user	4	view_user
17	Can add content type	5	add_contenttype
18	Can change content type	5	change_contenttype
19	Can delete content type	5	delete_contenttype
20	Can view content type	5	view_contenttype
21	Can add session	6	add_session
22	Can change session	6	change_session
23	Can delete session	6	delete_session
24	Can view session	6	view_session
25	Can add authors	7	add_authors
26	Can change authors	7	change_authors
27	Can delete authors	7	delete_authors
28	Can view authors	7	view_authors
29	Can add bookmarks	8	add_bookmarks
30	Can change bookmarks	8	change_bookmarks
31	Can delete bookmarks	8	delete_bookmarks
32	Can view bookmarks	8	view_bookmarks
33	Can add books	9	add_books
34	Can change books	9	change_books
35	Can delete books	9	delete_books
36	Can view books	9	view_books
37	Can add educational institution	10	add_educationalinstitution
38	Can change educational institution	10	change_educationalinstitution
39	Can delete educational institution	10	delete_educationalinstitution
40	Can view educational institution	10	view_educationalinstitution
41	Can add genres	11	add_genres
42	Can change genres	11	change_genres
43	Can delete genres	11	delete_genres
44	Can view genres	11	view_genres
45	Can add notes	12	add_notes
46	Can change notes	12	change_notes
47	Can delete notes	12	delete_notes
48	Can view notes	12	view_notes
49	Can add publishers	13	add_publishers
50	Can change publishers	13	change_publishers
51	Can delete publishers	13	delete_publishers
52	Can view publishers	13	view_publishers
53	Can add reviews	14	add_reviews
54	Can change reviews	14	change_reviews
55	Can delete reviews	14	delete_reviews
56	Can view reviews	14	view_reviews
57	Can add specialties	15	add_specialties
58	Can change specialties	15	change_specialties
59	Can delete specialties	15	delete_specialties
60	Can view specialties	15	view_specialties
61	Can add students	16	add_students
62	Can change students	16	change_students
63	Can delete students	16	delete_students
64	Can view students	16	view_students
65	Can add subjects	17	add_subjects
66	Can change subjects	17	change_subjects
67	Can delete subjects	17	delete_subjects
68	Can view subjects	17	view_subjects
69	Can add subject specialty link	18	add_subjectspecialtylink
70	Can change subject specialty link	18	change_subjectspecialtylink
71	Can delete subject specialty link	18	delete_subjectspecialtylink
72	Can view subject specialty link	18	view_subjectspecialtylink
73	Can add user roles	19	add_userroles
74	Can change user roles	19	change_userroles
75	Can delete user roles	19	delete_userroles
76	Can view user roles	19	view_userroles
77	Can add users	20	add_users
78	Can change users	20	change_users
79	Can delete users	20	delete_users
80	Can view users	20	view_users
81	Can add profile	21	add_profile
82	Can change profile	21	change_profile
83	Can delete profile	21	delete_profile
84	Can view profile	21	view_profile
85	Can add user	22	add_user
86	Can change user	22	change_user
87	Can delete user	22	delete_user
88	Can view user	22	view_user
89	Can add status	23	add_status
90	Can change status	23	change_status
91	Can delete status	23	delete_status
92	Can view status	23	view_status
93	Can add notification	24	add_notification
94	Can change notification	24	change_notification
95	Can delete notification	24	delete_notification
96	Can view notification	24	view_notification
\.


--
-- Data for Name: auth_user; Type: TABLE DATA; Schema: public; Owner: postgres
--

COPY public.auth_user (id, password, last_login, is_superuser, username, first_name, last_name, is_staff, is_active, date_joined, role_id, encrypted_email, email) FROM stdin;
18	pbkdf2_sha256$1000000$VScQu7VQgAgwBFbzRZ5ERR$9sohCqG9HiWT91lyN7SOK54+VHvlObriSgIJtj7G9yQ=	2025-05-11 18:15:16.796488+03	f	liza			f	t	2025-05-07 04:03:43.327229+03	1	gAAAAABoGrFviUvHL07QkiBOFN3y-_-ZkKNnA0HZcHq35Y-KSQj_v5KxOMkgy6bW-odJxTNDdlu7UhweaPN1zrnIQXA7vKRgw7RKlycTgncycHNE_2XUV4k=	isip_e.d.kuznecova@mpt.ru
5	pbkdf2_sha256$1000000$jTEYN68fX8REQRrutNT8XP$SW/3pFBcMyIg4ec3RS6QYBsss9TfKpJdM8s0KvHbJhQ=	2025-05-11 18:26:28.231161+03	f	dany			f	t	2025-03-17 00:25:27+03	2	gAAAAABn5p42g6q0HMdpXvdGwTGYHaqaCtexFtAmcw0TBudUh78YqBjtIfErp7rPwX-hYla6Jsy_lNoWUHJBMjwHR-Xtx4UVMig9AO4vITreEV_pBCWoLtk=	frty.87p@mail.ru
28	pbkdf2_sha256$1000000$LmqHh9ezt2JF9rPJhXK5et$p52DGBhAzHL0SQYhLCA/BTb/rpJAkjfTvych6O958ZA=	\N	f	poly			f	t	2025-05-11 20:26:46+03	2	gAAAAABoIN3q8-zkD9m6iaZygl5_Sqxc6xQSOHCMpptAoffyAV5bIZ1PcrYGfvb7zWyhPYwuaWsshWVt5pQT4Lt7QfWhonR9Wg==	poly.1p@mail.ru
1	pbkdf2_sha256$1000000$JH0RcHS9NuBycau2C4Nm9d$BlLL66HD6qVkijFIV8PqRzRVo+C9wFtUE6fIcwX9xps=	2025-05-11 21:00:36.766356+03	t	kristik			t	t	2025-03-12 13:28:04+03	3	gAAAAABn5p3rEfOManS63Jtt87FFY4Zimj7WkHh_KK5ZyM9DhaQDSYO5ikEdw0lcqGWqEr4GANxXwmtnnLsKw1vky0ndH3epvR9rNi9ZWFg05fjgDoOBFg4=	kristik.85p@mail.ru
27	pbkdf2_sha256$1000000$V25JQzuWAcI7pEVS9NMd4J$mbK7cLY4eFdYJQC0i/+THRLJaFD2ChKFwFwtHZoquKk=	2025-05-11 19:29:38.254776+03	f	admin_bd111			f	t	2025-05-11 18:52:16+03	3	gAAAAABoIMfS0Z8TTnCwlIX5aCJE22tur1hS-KnGWLbwMPS4lMlkFFqZpWG4h9T-C5r7xmBYkVeIjOsdA50Vryj7or9l1fRbFjUxzfgBNBnhsiWmVB-ut_g=	admin_bd54.hy@gmail.com
17	pbkdf2_sha256$1000000$2V1Cg8EFMdsqeRKBSbuMpF$94941zhlFtKN8WVMnJeGIq/MAKeTiIIhs8AJ/c+iPNM=	2025-05-11 19:40:26.522857+03	f	kristina			f	t	2025-05-07 03:59:41.634656+03	1	gAAAAABoILvfRyiT5b7JOCRyNB2TnABNeNb_3GYjp9Yu43d2oe_vjxp5pv3QUW2fuF2sG8tzcqgPO8oMkPGmL_esgaQtCkNvCa96xqLYKhTUE-7nAEWZBZk=	isip_k.d.petrova@mpt.ru
26	pbkdf2_sha256$1000000$KDvsECATR4D3sjDcrUzqxH$ZQsgDKaWtulNEIGasP24ae1+Q1YynsYsGdxblBeXc1k=	2025-05-11 19:41:29.181323+03	f	admin111			f	t	2025-05-11 18:50:08+03	2	gAAAAABoIMdxvv6OEg_yfNcXFSguS4hUqZiKkQDhR-RKLIIOYtU4LHTxIbrqV8HNOfT2cVeKEItXO1wb9Eu-YBK7BG2rXBgsBdBjM6oUpoyKeFRK0wYpoMw=	Admin65.p@gmail.com
25	pbkdf2_sha256$1000000$vpRMmzl687P2dBl3rfNwRm$pr02xgnFT0TczC75NKLDyNw1MTcKgporekjTzYu9uOc=	2025-05-11 18:03:52+03	f	egor			f	t	2025-05-11 18:03:45+03	2	gAAAAABoIOKA-Zpqscf9jSK78xrwc7eXOYvgdXhaie_rsiErM2iQUJQC8YEakqCf1nl9CIRcT2apmlji_PAWcZVz7veNUyW9nyZPh_KaZ_mUX4uVmPC3qlE=	isip_e.y.vasiluk@mpt.ru
30	pbkdf2_sha256$1000000$Kn0T8AHWQpTNoXn8wjFCQO$HciVd+QvIfkO6oomSaFEH0ARySZ+k85sMwL7lvGKJq8=	\N	f	repo123			f	t	2025-05-11 20:47:00+03	1	gAAAAABoIOKyZllr7ojvH6nuMtSzjF4jpF8kajoTOldxwyVuRAhMpytKtDLedTNpFb9DdJjEgKMVA4efINC9l5Meu6l8dvmmpE1x7VtGhSwt08Iy0dpU79s=	repo123ty@gmail.com
\.


--
-- Data for Name: auth_user_groups; Type: TABLE DATA; Schema: public; Owner: postgres
--

COPY public.auth_user_groups (id, user_id, group_id) FROM stdin;
\.


--
-- Data for Name: auth_user_user_permissions; Type: TABLE DATA; Schema: public; Owner: postgres
--

COPY public.auth_user_user_permissions (id, user_id, permission_id) FROM stdin;
\.


--
-- Data for Name: authors; Type: TABLE DATA; Schema: public; Owner: postgres
--

COPY public.authors (author_id, first_name, last_name, middle_name) FROM stdin;
2	╨Ъ╨░╤А╨╗	╨Ю╨╗╨▒╨╕╨╜╨│	\N
3	╨Ф╨╢╨╛╨╜	╨Ъ╨╗╨╡╨╣╨╜╨▒╨╡╤А╨│	\N
4	╨Р╨┤╨╕╤В╤М╤П	╨С╤Е╨░╤А╨│╨░╨▓╨░	\N
5	╨н╨╜╨┤╤А╤О	╨в╤А╨░╤Б╨║	\N
6	╨н╤А╨╕╨║	╨Ь╤Н╤В╨╕╨╖	\N
7	╨Ъ╨░╤И╤В╨░╨╡╨▓╨░	╨б╨▓╨╡╤В╨╗╨░╨╜╨░	╨Т╨░╤Б╨╕╨╗╤М╨╡╨▓╨╜╨░
8	╨н╨╜╨┤╤А╤О	╨в╨░╨╜╨╡╨╜╨▒╨░╤Г╨╝	\N
9	╨С╨╡╨╗╨╛╤Г╤Б	╨Р╨╜╨░╤В╨╛╨╗╨╕╨╣	╨Ш╨▓╨░╨╜╨╛╨▓╨╕╤З
10	╨в╨░╤А╨╕╨║	╨а╨░╤И╨╕╨┤	\N
14	╨Т╨╕╨║╤В╨╛╤А	╨Ы╤П╨╜╨│	╨д╨╡╨┤╨╛╤А╨╛╨▓╨╕╤З
15	╨Ф╨╡╨╜╨╕╤Б	╨Ъ╨╛╨╗╨╕╤Б╨╜╨╕╤З╨╡╨╜╨║╨╛	╨Э╨╕╨║╨╛╨╗╨░╨╡╨▓╨╕╤З
16	╨Р╨╗╨╡╨║╤Б╨╡╨╣	╨Т╨░╤Б╨╕╨╗╤М╨╡╨▓	╨Э╨╕╨║╨╛╨╗╨░╨╡╨▓╨╕╤З
\.


--
-- Data for Name: bookmarks; Type: TABLE DATA; Schema: public; Owner: postgres
--

COPY public.bookmarks (bookmark_id, book_id, page_number, date_added, users_id) FROM stdin;
15	1	45	2025-05-07 01:02:07.323101	17
17	1	51	2025-05-09 00:46:44.936592	17
23	10	21	2025-05-11 14:53:43.837813	17
24	10	27	2025-05-11 14:53:54.307521	17
27	2	254	2025-05-11 14:56:40.446875	17
28	2	282	2025-05-11 14:57:23.925066	17
29	6	384	2025-05-11 14:58:27.394401	17
30	6	648	2025-05-11 14:59:31.544859	17
31	8	274	2025-05-11 15:04:52.478924	25
32	8	365	2025-05-11 15:05:51.936536	25
34	1	250	2025-05-11 15:07:26.962271	25
35	4	659	2025-05-11 15:11:37.786674	25
36	4	679	2025-05-11 15:12:00.736571	25
37	3	169	2025-05-11 15:15:55.589032	18
38	5	643	2025-05-11 15:16:36.858617	18
39	5	700	2025-05-11 15:18:37.227213	18
40	7	32	2025-05-11 15:23:07.251267	18
41	7	82	2025-05-11 15:23:38.34954	18
42	10	153	2025-05-11 15:25:52.045324	18
\.


--
-- Data for Name: books; Type: TABLE DATA; Schema: public; Owner: postgres
--

COPY public.books (book_id, book_title, author_id, book_file, publication_year, page_count, genre_id, publisher_id, subject_id, photo_book) FROM stdin;
1	Bash ╨╕ ╨║╨╕╨▒╨╡╤А╨▒╨╡╨╖╨╛╨┐╨░╤Б╨╜╨╛╤Б╤В╤М. ╨Р╤В╨░╨║╨░, ╨╖╨░╤Й╨╕╤В╨░ ╨╕ ╨░╨╜╨░╨╗╨╕╨╖ ╨╕╨╖ ╨║╨╛╨╝╨░╨╜╨┤╨╜╨╛╨╣ ╤Б╤В╤А╨╛╨║╨╕ Linux	2	file_books/2025/03/13/Bash_╨╕_╨║╨╕╨▒╨╡╤А╨▒╨╡╨╖╨╛╨┐╨░╤Б╨╜╨╛╤Б╤В╤М_╨░╤В__Z-Library.pdf	2020	288	2	2	4	book/2025/03/13/Bash_╨╕_╨║╨╕╨▒╨╡╤А╨▒╨╡╨╖╨╛╨┐╨░╤Б╨╜╨╛╤Б╤В╤М._╨Р╤В╨░╨║╨░_╨╖╨░╤Й╨╕╤В╨░_╨╕_╨░╨╜╨░╨╗╨╕╨╖_╨╕╨╖_╨║╨╛╨╝╨░╨╜╨┤╨╜╨╛╨╣_╤Б╤В╤А╨╛╨║╨╕.webp
3	╨б╨╛╨╖╨┤╨░╤С╨╝ ╨╜╨╡╨╣╤А╨╛╨╜╨╜╤Г╤О ╤Б╨╡╤В╤М	10	file_books/2025/03/13/╨б╨╛╨╖╨┤╨░╨╡╨╝_╨╜╨╡╨╣╤А╨╛╨╜╨╜╤Г╤О_╤Б╨╡╤В╤М_╨в╨░╤А__Z-Library.pdf	2017	274	2	1	13	book/2025/03/13/╨б╨╛╨╖╨┤╨░╨╡╨╝_╨╜╨╡╨╣╤А╨╛╨╜╨╜╤Г╤О_╤Б╨╡╤В╤М_╨в╨░╤А╨╕╨║_╨а╨░╤И╨╕╨┤.webp
4	╨б╨╛╨▓╤А╨╡╨╝╨╡╨╜╨╜╤Л╨╡ ╨╛╨┐╨╡╤А╨░╤Ж╨╕╨╛╨╜╨╜╤Л╨╡ ╤Б╨╕╤Б╤В╨╡╨╝╤Л	8	file_books/2025/03/13/╨б╨╛╨▓╤А╨╡╨╝╨╡╨╜╨╜╤Л╨╡_╨╛╨┐╨╡╤А╨░╤Ж╨╕╨╛╨╜╨╜╤Л╨╡_╤Б╨╕__Z-Library.pdf	2015	1120	2	2	1	book/2025/03/13/╨б╨╛╨▓╤А╨╡╨╝╨╡╨╜╨╜╤Л╨╡_╨╛╨┐╨╡╤А╨░╤Ж╨╕╨╛╨╜╨╜╤Л╨╡_╤Б╨╕╤Б╤В╨╡╨╝╤Л.webp
5	╨а╨░╤Б╨┐╤А╨╡╨┤╨╡╨╗╨╡╨╜╨╜╤Л╨╡ ╤Б╨╕╤Б╤В╨╡╨╝╤Л, ╨┐╤А╨╕╨╜╤Ж╨╕╨┐╤Л ╨╕ ╨┐╨░╤А╨░╨┤╨╕╨│╨╝╤Л	8	file_books/2025/03/13/╨а╨░╤Б╨┐╤А╨╡╨┤╨╡╨╗╨╡╨╜╨╜╤Л╨╡_╤Б╨╕╤Б╤В╨╡╨╝╤Л._╨Я╤А╨╕__Z-Library.pdf	2003	878	2	2	10	book/2025/03/13/╨а╨░╤Б╨┐╤А╨╡╨┤╨╡╨╗╨╡╨╜╨╜╤Л╨╡_╤Б╨╕╤Б╤В╨╡╨╝╤Л._╨Я╤А╨╕╨╜╤Ж╨╕╨┐╤Л_╨╕_╨┐╨░╤А╨░╨┤╨╕╨│╨╝╤Л.webp
6	╨Ъ╨╛╨╝╨┐╤М╤О╤В╨╡╤А╨╜╤Л╨╡ ╤Б╨╡╤В╨╕	8	file_books/2025/03/13/╨Ъ╨╛╨╝╨┐╤М╤О╤В╨╡╤А╨╜╤Л╨╡_╤Б╨╡╤В╨╕_╨н╨╜╨┤╤А╤О_╨в╨░__Z-Library.pdf	2012	960	2	2	4	book/2025/03/13/╨║╨╛╨╝╨┐╤М╤О╤В╨╡╤А╨╜╤Л╨╡_╤Б╨╡╤В╨╕.webp
7	╨Ь╨░╤В╨╡╨╝╨░╤В╨╕╤З╨╡╤Б╨║╨╛╨╡ ╨╝╨╛╨┤╨╡╨╗╨╕╤А╨╛╨▓╨╜╨░╨╕╨╡	7	file_books/2025/03/13/╨Ъ╨░╤И╤В╨░╨╡╨▓╨░_╨б._╨Т._╨Ь╨░╤В╨╡╨╝╨░╤В╨╕╤З╨╡╤Б╨║╨╛╨╡_╨╝╨╛╨┤╨╡╨╗╨╕╤А╨╛╨▓╨░╨╜╨╕╨╡..pdf	2020	113	1	4	8	book/2025/03/13/╨Ь╨Р╨в╨Х╨Ь╨Р╨в╨Ш╨з╨Х╨б╨Ъ╨Ю╨Х_╨Ь╨Ю╨Ф╨Х╨Ы╨Ш╨а╨Ю╨Т╨Р╨Э╨Ш╨Х.png
8	╨Ш╨╖╤Г╤З╨░╨╡╨╝ python. ╨Я╤А╨╛╨│╤А╨░╨╝╨╝╨╕╤А╨╛╨▓╨░╨╜╨╕╨╡ ╨╕╨│╤А, ╨▓╨╕╨╖╤Г╨░╨╗╨╕╨╖╨░╤Ж╨╕╤П ╨┤╨░╨╜╨╜╤Л╤Е, ╨▓╨╡╨▒-╨┐╤А╨╕╨╗╨╛╨╢╨╡╨╜╨╕╤П	6	file_books/2025/03/13/╨Ш╨╖╤Г╤З╨░╨╡╨╝_Python_-_╨Я╤А╨╛╨│╤А╨░╨╝╨╝╨╕╤А__Z-Library.pdf	2017	496	2	2	2	book/2025/03/13/╨Ш╨╖╤Г╤З╨░╨╡╨╝_Python.webp
9	╨У╤А╨╛╨║╨░╨╡╨╝ ╨│╨╗╤Г╨▒╨╛╨║╨╛╨╡ ╨╛╨▒╤Г╤З╨╡╨╜╨╕╨╡	5	file_books/2025/03/13/╨У╤А╨╛╨║╨░╨╡╨╝_╨│╨╗╤Г╨▒╨╛╨║╨╛╨╡_╨╛╨▒╤Г╤З╨╡╨╜╨╕╨╡___Z-Library.pdf	2019	354	2	2	2	book/2025/03/13/╨│╤А╨╛╨║╨░╨╡╨╝_╨│╨╗╤Г╨▒╨╛╨║╨╛╨╡_╨╛╨▒╤Г╤З╨╡╨╜╨╕╨╡.webp
10	╨У╤А╨╛╨║╨░╨╡╨╝ ╨░╨╗╨│╨╛╤А╨╕╤В╨╝╤Л.  ╨Ш╨╗╨╗╤О╤Б╤В╤А╨╕╤А╨╛╨▓╨░╨╜╨╜╨╛╨╡ ╨┐╨╛╤Б╨╛╨▒╨╕╨╡  ╨┤╨╗╤П ╨┐╤А╨╛╨│╤А╨░╨╝╨╝╨╕╤Б╤В╨╛╨▓ ╨╕ ╨╗╤О╨▒╨╛╨┐╤Л╤В╤Б╤В╨▓╤Г╤О╤Й╨╕╤Е	4	file_books/2025/03/13/╨У╤А╨╛╨║╨░╨╡╨╝_╨░╨╗╨│╨╛╤А╨╕╤В╨╝╤Л._╨Ш╨╗╨╗╤О╤Б╤В╤А╨╕__Z-Library.pdf	2017	290	2	2	2	book/2025/03/13/╨У╤А╨╛╨║╨░╨╡╨╝_╨░╨╗╨│╨╛╤А╨╕╤В╨╝╤Л.webp
11	╨Ю╤Б╨╜╨╛╨▓╤Л ╨║╨╕╨▒╨╡╤А╨▒╨╡╨╖╨╛╨┐╨░╤Б╨╜╨╛╤Б╤В╨╕.  C╤В╨░╨╜╨┤╨░╤А╤В╤Л, ╨║╨╛╨╜╤Ж╨╡╨┐╤Ж╨╕╨╕, ╨╝╨╡╤В╨╛╨┤╤Л ╨╕ ╤Б╤А╨╡╨┤╤Б╤В╨▓╨░ ╨╛╨▒╨╡╤Б╨┐╨╡╤З╨╡╨╜╨╕╤П	9	file_books/2025/03/13/╨Ю╤Б╨╜╨╛╨▓╤Л_╨║╨╕╨▒╨╡╤А╨▒╨╡╨╖╨╛╨┐╨░╤Б╨╜╨╛╤Б╤В╨╕._╨б__Z-Library.pdf	2021	482	2	3	13	book/2025/03/13/╨Ю╤Б╨╜╨╛╨▓╤Л_╨║╨╕╨▒╨╡╤А╨▒╨╡╨╖╨╛╨┐╨░╤Б╨╜╨╛╤Б╤В╨╕._C╤В╨░╨╜╨┤╨░╤А╤В╤Л_╨║╨╛╨╜╤Ж╨╡╨┐╤Ж╨╕╨╕_╨╝╨╡╤В╨╛╨┤╤Л_╨╕_╤Б╤А╨╡╨┤╤Б╤В╨▓╨░_╨╛╨▒╨╡╤Б╨┐╨╡╤З╨╡╨╜╨╕╤П.webp
2	╨Р╨╗╨│╨╛╤А╨╕╤В╨╝╤Л. ╨а╨░╨╖╤А╨░╨▒╨╛╤В╨║╨░ ╨╕ ╨┐╤А╨╕╨╝╨╡╨╜╨╡╨╜╨╕╨╡	3	file_books/2025/03/13/╨Р╨╗╨│╨╛╤А╨╕╤В╨╝╤Л_╤А╨░╨╖╤А╨░╨▒╨╛╤В╨║╨░_╨╕_╨┐╤А╨╕╨╝__Z-Library.pdf	2016	800	2	2	2	book/2025/03/13/╨Р╨╗╨│╨╛╤А╨╕╤В╨╝╤Л._╨а╨░╨╖╤А╨░╨▒╨╛╤В╨║╨░_╨╕_╨┐╤А╨╕╨╝╨╡╨╜╨╡╨╜╨╕╨╡.webp
\.


--
-- Data for Name: django_admin_log; Type: TABLE DATA; Schema: public; Owner: postgres
--

COPY public.django_admin_log (id, action_time, object_id, object_repr, action_flag, change_message, content_type_id, user_id) FROM stdin;
1	2025-03-12 15:14:03.270988+03	1	╨н╨╝╨╝╨░ ╨б╨║╨╛╤В	1	[{"added": {}}]	7	1
2	2025-03-13 01:01:43.888356+03	1	╨н╨╝╨╝╨░ ╨б╨║╨╛╤В	3		7	1
3	2025-03-13 01:10:52.893646+03	2	╨Ъ╨░╤А╨╗ ╨Ю╨╗╨▒╨╕╨╜╨│	1	[{"added": {}}]	7	1
4	2025-03-13 01:11:08.290901+03	3	╨Ф╨╢╨╛╨╜ ╨Ъ╨╗╨╡╨╣╨╜╨▒╨╡╤А╨│	1	[{"added": {}}]	7	1
5	2025-03-13 01:11:22.898563+03	4	╨Р╨┤╨╕╤В╤М╤П ╨С╤Е╨░╤А╨│╨░╨▓╨░	1	[{"added": {}}]	7	1
6	2025-03-13 01:11:36.384253+03	5	╨н╨╜╨┤╤А╤О ╨в╤А╨░╤Б╨║	1	[{"added": {}}]	7	1
7	2025-03-13 01:11:49.073569+03	6	╨н╤А╨╕╨║ ╨Ь╤Н╤В╨╕╨╖	1	[{"added": {}}]	7	1
8	2025-03-13 01:12:06.494831+03	7	╨Ъ╨░╤И╤В╨░╨╡╨▓╨░ ╨б╨▓╨╡╤В╨╗╨░╨╜╨░	1	[{"added": {}}]	7	1
9	2025-03-13 01:12:22.140278+03	8	╨н╨╜╨┤╤А╤О ╨в╨░╨╜╨╡╨╜╨▒╨░╤Г╨╝	1	[{"added": {}}]	7	1
10	2025-03-13 01:12:42.141691+03	9	╨С╨╡╨╗╨╛╤Г╤Б ╨Р╨╜╨░╤В╨╛╨╗╨╕╨╣	1	[{"added": {}}]	7	1
11	2025-03-13 01:12:51.051897+03	10	╨в╨░╤А╨╕╨║ ╨а╨░╤И╨╕╨┤	1	[{"added": {}}]	7	1
12	2025-03-13 01:14:32.262204+03	1	╨б╨┐╤А╨░╨▓╨╛╤З╨╜╨╕╨║╨╕	1	[{"added": {}}]	11	1
13	2025-03-13 01:14:52.574994+03	2	╨г╤З╨╡╨▒╨╜╨░╤П ╨╗╨╕╤В╨╡╤А╨░╤В╤Г╤А╨░ ╨┐╨╛ ╤В╨╡╤Е╨╜╨╕╤З╨╡╤Б╨║╨╕╨╝ ╨╜╨░╤Г╨║╨░╨╝	1	[{"added": {}}]	11	1
14	2025-03-13 01:15:31.213569+03	3	╨а╨╛╨╝╨░╨╜	1	[{"added": {}}]	11	1
15	2025-03-13 01:15:40.166082+03	4	╨д╨░╨╜╤В╨░╤Б╤В╨╕╨║╨░	1	[{"added": {}}]	11	1
16	2025-03-13 01:15:51.099278+03	5	╨в╤А╨░╨│╨╡╨┤╨╕╤П	1	[{"added": {}}]	11	1
17	2025-03-13 01:15:59.194466+03	6	╨Ъ╨╛╨╝╨╡╨┤╨╕╤П	1	[{"added": {}}]	11	1
18	2025-03-13 01:16:08.587125+03	7	╨Я╨╛╨▓╨╡╤Б╤В╤М	1	[{"added": {}}]	11	1
19	2025-03-13 01:16:14.089593+03	8	╨Э╨╛╨▓╨╡╨╗╨╗╨░	1	[{"added": {}}]	11	1
20	2025-03-13 01:16:26.603197+03	9	╨Я╨╛╤Н╨╖╨╕╤П	1	[{"added": {}}]	11	1
21	2025-03-13 01:16:34.478278+03	10	╨Ф╨╡╤В╨╡╨║╤В╨╕╨▓	1	[{"added": {}}]	11	1
22	2025-03-13 01:21:08.777186+03	1	╨Ф╨╕╨░╨╗╨╡╨║╤В╨╕╨║╨░	1	[{"added": {}}]	13	1
23	2025-03-13 01:21:14.278158+03	2	╨Я╨╕╤В╨╡╤А	1	[{"added": {}}]	13	1
24	2025-03-13 01:21:22.393207+03	3	╨в╨╡╤Е╨╜╨╛╤Б╤Д╨╡╤А╨░	1	[{"added": {}}]	13	1
25	2025-03-13 01:21:41.966105+03	4	╨Я╤А╨╛╨║╨╛╤А╤Б╤В╤М	1	[{"added": {}}]	13	1
26	2025-03-13 01:23:47.339267+03	1	╨Ю╨┐╨╡╤А╨░╤Ж╨╕╨╛╨╜╨╜╤Л╨╡ ╤Б╨╕╤Б╤В╨╡╨╝╤Л ╨╕ ╤Б╤А╨╡╨┤╤Л	1	[{"added": {}}]	17	1
27	2025-03-13 01:24:04.977674+03	2	╨Ю╤Б╨╜╨╛╨▓╤Л ╨░╨╗╨│╨╛╤А╨╕╤В╨╝╨╕╨╖╨░╤Ж╨╕╨╕ ╨╕ ╨┐╤А╨╛╨│╤А╨░╨╝╨╝╨╕╤А╨╛╨▓╨░╨╜╨╕╤П	1	[{"added": {}}]	17	1
28	2025-03-13 01:24:22.764988+03	3	╨Ю╤Б╨╜╨╛╨▓╤Л ╨┐╤А╨╛╨╡╨║╤В╨╕╤А╨╛╨▓╨░╨╜╨╕╤П ╨▒╨░╨╖ ╨┤╨░╨╜╨╜╤Л╤Е	1	[{"added": {}}]	17	1
29	2025-03-13 01:24:50.829047+03	4	╨Ъ╨╛╨╝╨┐╤М╤О╤В╨╡╤А╨╜╤Л╨╡ ╤Б╨╡╤В╨╕	1	[{"added": {}}]	17	1
30	2025-03-13 01:25:01.144528+03	5	╨Ш╨╜╨╛╤Б╤В╤А╨░╨╜╨╜╤Л╨╣ ╤П╨╖╤Л╨║	1	[{"added": {}}]	17	1
31	2025-03-13 01:25:19.515673+03	6	╨Ы╨╕╤В╨╡╤А╨░╤В╤Г╤А╨░	1	[{"added": {}}]	17	1
32	2025-03-13 01:25:32.542659+03	7	╨Я╤Б╨╕╤Е╨╛╨╗╨╛╨│╨╕╤П ╨╛╨▒╤Й╨╡╨╜╨╕╤П	1	[{"added": {}}]	17	1
33	2025-03-13 01:25:44.612799+03	8	╨Ь╨░╤В╨╡╨╝╨░╤В╨╕╤З╨╡╤Б╨║╨╛╨╡ ╨╝╨╛╨┤╨╡╨╗╨╕╤А╨╛╨▓╨░╨╜╨╕╨╡	1	[{"added": {}}]	17	1
34	2025-03-13 01:26:07.778252+03	9	╨Р╤А╤Е╨╕╤В╨╡╨║╤В╤Г╤А╨░ ╨░╨┐╨┐╨░╤А╨░╤В╨╜╤Л╤Е ╤Б╤А╨╡╨┤╤Б╤В╨▓	1	[{"added": {}}]	17	1
35	2025-03-13 01:26:28.55911+03	10	╨б╨╕╤Б╤В╨╡╨╝╨╜╨╛╨╡ ╨┐╤А╨╛╨│╤А╨░╨╝╨╝╨╕╤А╨╛╨▓╨░╨╜╨╕╨╡	1	[{"added": {}}]	17	1
36	2025-03-13 01:26:45.386638+03	11	╨а╨░╨╖╤А╨░╨▒╨╛╤В╨║╨░ ╨╝╨╛╨▒╨╕╨╗╤М╨╜╤Л╤Е ╨┐╤А╨╕╨╗╨╛╨╢╨╡╨╜╨╕╨╣	1	[{"added": {}}]	17	1
37	2025-03-13 01:27:17.149324+03	12	╨Я╤А╨░╨▓╨╛╨▓╨╛╨╡ ╨╛╨▒╨╡╤Б╨┐╨╡╤З╨╡╨╜╨╕╨╡ ╨┐╤А╨╛╤Д╨╡╤Б╤Б╨╕╨╛╨╜╨░╨╗╤М╨╜╨╛╨╣ ╨┤╨╡╤П╤В╨╡╨╗╤М╨╜╨╛╤Б╤В╨╕	1	[{"added": {}}]	17	1
38	2025-03-13 01:27:39.160386+03	13	╨в╨╡╤Е╨╜╨╛╨╗╨╛╨│╨╕╤П ╤А╨░╨╖╤А╨░╨▒╨╛╤В╨║╨╕ ╨╕ ╨╖╨░╤Й╨╕╤В╤Л ╨▒╨░╨╖ ╨┤╨░╨╜╨╜╤Л╤Е	1	[{"added": {}}]	17	1
39	2025-03-13 01:28:01.27668+03	14	╨в╨╡╤Е╨╜╨╛╨╗╨╛╨│╨╕╤П ╤А╨░╨╖╤А╨░╨▒╨╛╤В╨║╨╕ ╨┐╤А╨╛╨│╤А╨░╨╝╨╝╨╜╨╛╨│╨╛ ╨╛╨▒╨╡╤Б╨┐╨╡╤З╨╡╨╜╨╕╤П	1	[{"added": {}}]	17	1
40	2025-03-13 01:32:31.702307+03	1	Bash ╨╕ ╨║╨╕╨▒╨╡╤А╨▒╨╡╨╖╨╛╨┐╨░╤Б╨╜╨╛╤Б╤В╤М. ╨Р╤В╨░╨║╨░, ╨╖╨░╤Й╨╕╤В╨░ ╨╕ ╨░╨╜╨░╨╗╨╕╨╖ ╨╕╨╖ ╨║╨╛╨╝╨░╨╜╨┤╨╜╨╛╨╣ ╤Б╤В╤А╨╛╨║╨╕ Linux	1	[{"added": {}}]	9	1
41	2025-03-13 01:33:50.340233+03	2	╨Р╨╗╨│╨╛╤А╨╕╤В╨╝╤Л. ╨а╨░╨╖╤А╨░╨▒╨╛╤В╨║╨░ ╨╕ ╨┐╤А╨╕╨╝╨╡╨╜╨╡╨╜╨╕╨╡	1	[{"added": {}}]	9	1
42	2025-03-13 01:39:06.996025+03	2	╨Р╨╗╨│╨╛╤А╨╕╤В╨╝╤Л. ╨а╨░╨╖╤А╨░╨▒╨╛╤В╨║╨░ ╨╕ ╨┐╤А╨╕╨╝╨╡╨╜╨╡╨╜╨╕╨╡	2	[{"changed": {"fields": ["Photo book"]}}]	9	1
43	2025-03-13 01:40:01.885898+03	1	Bash ╨╕ ╨║╨╕╨▒╨╡╤А╨▒╨╡╨╖╨╛╨┐╨░╤Б╨╜╨╛╤Б╤В╤М. ╨Р╤В╨░╨║╨░, ╨╖╨░╤Й╨╕╤В╨░ ╨╕ ╨░╨╜╨░╨╗╨╕╨╖ ╨╕╨╖ ╨║╨╛╨╝╨░╨╜╨┤╨╜╨╛╨╣ ╤Б╤В╤А╨╛╨║╨╕ Linux	2	[{"changed": {"fields": ["Photo book"]}}]	9	1
44	2025-03-13 01:51:19.649948+03	3	╨б╨╛╨╖╨┤╨░╤С╨╝ ╨╜╨╡╨╣╤А╨╛╨╜╨╜╤Г╤О ╤Б╨╡╤В╤М	1	[{"added": {}}]	9	1
45	2025-03-13 01:52:26.603867+03	4	╨б╨╛╨▓╤А╨╡╨╝╨╡╨╜╨╜╤Л╨╡ ╨╛╨┐╨╡╤А╨░╤Ж╨╕╨╛╨╜╨╜╤Л╨╡ ╤Б╨╕╤Б╤В╨╡╨╝╤Л	1	[{"added": {}}]	9	1
46	2025-03-13 01:54:10.055601+03	5	╨а╨░╤Б╨┐╤А╨╡╨┤╨╡╨╗╨╡╨╜╨╜╤Л╨╡ ╤Б╨╕╤Б╤В╨╡╨╝╤Л, ╨┐╤А╨╕╨╜╤Ж╨╕╨┐╤Л ╨╕ ╨┐╨░╤А╨░╨┤╨╕╨│╨╝╤Л	1	[{"added": {}}]	9	1
47	2025-03-13 01:55:02.021779+03	6	╨Ъ╨╛╨╝╨┐╤М╤О╤В╨╡╤А╨╜╤Л╨╡ ╤Б╨╡╤В╨╕	1	[{"added": {}}]	9	1
48	2025-03-13 01:55:59.717285+03	7	╨Ь╨░╤В╨╡╨╝╨░╤В╨╕╤З╨╡╤Б╨║╨╛╨╡ ╨╝╨╛╨┤╨╡╨╗╨╕╤А╨╛╨▓╨╜╨░╨╕╨╡	1	[{"added": {}}]	9	1
49	2025-03-13 01:57:30.077119+03	8	╨Ш╨╖╤Г╤З╨░╨╡╨╝ python. ╨Я╤А╨╛╨│╤А╨░╨╝╨╝╨╕╤А╨╛╨▓╨░╨╜╨╕╨╡ ╨╕╨│╤А, ╨▓╨╕╨╖╤Г╨░╨╗╨╕╨╖╨░╤Ж╨╕╤П ╨┤╨░╨╜╨╜╤Л╤Е, ╨▓╨╡╨▒-╨┐╤А╨╕╨╗╨╛╨╢╨╡╨╜╨╕╤П	1	[{"added": {}}]	9	1
50	2025-03-13 01:59:29.958082+03	9	╨У╤А╨╛╨║╨░╨╡╨╝ ╨│╨╗╤Г╨▒╨╛╨║╨╛╨╡ ╨╛╨▒╤Г╤З╨╡╨╜╨╕╨╡	1	[{"added": {}}]	9	1
51	2025-03-13 02:00:32.005556+03	10	╨У╤А╨╛╨║╨░╨╡╨╝ ╨░╨╗╨│╨╛╤А╨╕╤В╨╝╤Л.  ╨Ш╨╗╨╗╤О╤Б╤В╤А╨╕╤А╨╛╨▓╨░╨╜╨╜╨╛╨╡ ╨┐╨╛╤Б╨╛╨▒╨╕╨╡  ╨┤╨╗╤П ╨┐╤А╨╛╨│╤А╨░╨╝╨╝╨╕╤Б╤В╨╛╨▓ ╨╕ ╨╗╤О╨▒╨╛╨┐╤Л╤В╤Б╤В╨▓╤Г╤О╤Й╨╕╤Е	1	[{"added": {}}]	9	1
52	2025-03-13 02:01:58.155736+03	11	╨Ю╤Б╨╜╨╛╨▓╤Л ╨║╨╕╨▒╨╡╤А╨▒╨╡╨╖╨╛╨┐╨░╤Б╨╜╨╛╤Б╤В╨╕.  C╤В╨░╨╜╨┤╨░╤А╤В╤Л, ╨║╨╛╨╜╤Ж╨╡╨┐╤Ж╨╕╨╕, ╨╝╨╡╤В╨╛╨┤╤Л ╨╕ ╤Б╤А╨╡╨┤╤Б╤В╨▓╨░ ╨╛╨▒╨╡╤Б╨┐╨╡╤З╨╡╨╜╨╕╤П	1	[{"added": {}}]	9	1
53	2025-03-13 02:02:08.425651+03	11	╨Ю╤Б╨╜╨╛╨▓╤Л ╨║╨╕╨▒╨╡╤А╨▒╨╡╨╖╨╛╨┐╨░╤Б╨╜╨╛╤Б╤В╨╕.  C╤В╨░╨╜╨┤╨░╤А╤В╤Л, ╨║╨╛╨╜╤Ж╨╡╨┐╤Ж╨╕╨╕, ╨╝╨╡╤В╨╛╨┤╤Л ╨╕ ╤Б╤А╨╡╨┤╤Б╤В╨▓╨░ ╨╛╨▒╨╡╤Б╨┐╨╡╤З╨╡╨╜╨╕╤П	2	[{"changed": {"fields": ["Subject"]}}]	9	1
54	2025-03-15 22:56:29.949419+03	1	reader	1	[{"added": {}}]	19	1
55	2025-03-15 22:56:51.55709+03	2	administrator	1	[{"added": {}}]	19	1
56	2025-03-15 22:57:23.485617+03	3	bd_admin	1	[{"added": {}}]	19	1
57	2025-03-15 23:05:57.658001+03	2	poly	3		4	1
58	2025-03-15 23:07:10.895048+03	3	poly	3		4	1
59	2025-03-16 20:01:53.239241+03	1	╨Ь╨Я╨в	1	[{"added": {}}]	10	1
60	2025-03-16 20:01:55.094564+03	1	╨Ш╨╜╤Д╨╛╤А╨╝╨░╤Ж╨╕╨╛╨╜╨╜╤Л╨╡ ╤Б╨╕╤Б╤В╨╡╨╝╤Л ╨╕ ╨┐╤А╨╛╨│╤А╨░╨╝╨╝╨╕╤А╨╛╨▓╨░╨╜╨╕╨╡	1	[{"added": {}}]	15	1
61	2025-03-16 20:02:31.847556+03	1	poly	1	[{"added": {}}]	20	1
62	2025-03-16 20:02:36.488951+03	1	╨Ъ╤Г╨┤╤А╤П╨▓╤Ж╨╡╨▓╨░ ╨Я╨╛╨╗╨╕╨╜╨░	1	[{"added": {}}]	16	1
63	2025-03-16 20:14:57.084966+03	1	poly	3		20	1
64	2025-03-16 22:03:58.923047+03	4	poly	2	[{"changed": {"fields": ["Role"]}}]	22	1
65	2025-03-16 22:04:03.996211+03	4	poly	2	[]	22	1
66	2025-03-16 22:04:40.680928+03	2	╨Ъ╤Г╨┤╤А╤П╨▓╤Ж╨╡╨▓╨░ ╨Я╨╛╨╗╨╕╨╜╨░	1	[{"added": {}}]	16	1
67	2025-03-17 00:26:02.958575+03	1	kristik	2	[{"changed": {"fields": ["Role"]}}]	22	1
68	2025-03-17 00:26:14.047695+03	5	dany	2	[{"changed": {"fields": ["Role"]}}]	22	1
69	2025-03-17 16:38:10.944944+03	6	Review by dany on ╨Р╨╗╨│╨╛╤А╨╕╤В╨╝╤Л. ╨а╨░╨╖╤А╨░╨▒╨╛╤В╨║╨░ ╨╕ ╨┐╤А╨╕╨╝╨╡╨╜╨╡╨╜╨╕╨╡	1	[{"added": {}}]	14	1
70	2025-03-24 07:02:22.615541+03	12	╨Ю╤В╨╖╤Л╨▓ ╨╛╤В dany ╨╛ ╨║╨╜╨╕╨│╨╡ ╨а╨░╤Б╨┐╤А╨╡╨┤╨╡╨╗╨╡╨╜╨╜╤Л╨╡ ╤Б╨╕╤Б╤В╨╡╨╝╤Л, ╨┐╤А╨╕╨╜╤Ж╨╕╨┐╤Л ╨╕ ╨┐╨░╤А╨░╨┤╨╕╨│╨╝╤Л	1	[{"added": {}}]	14	1
71	2025-03-24 17:58:29.909477+03	1	╨Э╨╡ ╨░╨║╤В╨╕╨▓╨╡╨╜	1	[{"added": {}}]	23	1
72	2025-03-24 17:58:44.436422+03	2	╨Ч╨░╤А╨╡╨│╨╕╤Б╤В╤А╨╕╤А╨╛╨▓╨░╨╜	1	[{"added": {}}]	23	1
73	2025-03-24 17:58:51.745857+03	2	╨Ъ╤Г╨┤╤А╤П╨▓╤Ж╨╡╨▓╨░ ╨Я╨╛╨╗╨╕╨╜╨░	2	[{"changed": {"fields": ["Status"]}}]	16	1
74	2025-03-24 20:45:22.163537+03	7	tony	3		22	1
75	2025-03-24 20:53:58.576242+03	8	liza	3		22	1
76	2025-03-28 16:02:19.972824+03	4	poly	2	[{"changed": {"fields": ["Email"]}}]	22	1
77	2025-03-28 16:03:37.063971+03	9	max	2	[{"changed": {"fields": ["Email"]}}]	22	1
78	2025-03-28 16:03:50.807871+03	5	dany	2	[{"changed": {"fields": ["Email"]}}]	22	1
79	2025-04-06 18:49:55.066087+03	4	poly	2	[{"changed": {"fields": ["Role"]}}]	22	1
80	2025-04-30 22:36:41.594724+03	16	aqwadds	3		17	1
81	2025-05-11 18:50:09.211619+03	26	admin111	1	[{"added": {}}]	22	1
82	2025-05-11 18:50:42.487917+03	26	admin111	2	[{"changed": {"fields": ["Role"]}}]	22	1
83	2025-05-11 18:51:13.949033+03	26	admin111	2	[{"changed": {"fields": ["Email"]}}]	22	1
84	2025-05-11 18:52:16.588051+03	27	admin_bd111	1	[{"added": {}}]	22	1
85	2025-05-11 18:52:50.596754+03	27	admin_bd111	2	[{"changed": {"fields": ["Email", "Role"]}}]	22	1
86	2025-05-11 20:26:46.683525+03	28	poly	1	[{"added": {}}]	22	1
87	2025-05-11 20:27:06.89254+03	28	poly	2	[{"changed": {"fields": ["Email", "Role"]}}]	22	1
\.


--
-- Data for Name: django_content_type; Type: TABLE DATA; Schema: public; Owner: postgres
--

COPY public.django_content_type (id, app_label, model) FROM stdin;
1	admin	logentry
2	auth	permission
3	auth	group
4	auth	user
5	contenttypes	contenttype
6	sessions	session
7	bookLibrary	authors
8	bookLibrary	bookmarks
9	bookLibrary	books
10	bookLibrary	educationalinstitution
11	bookLibrary	genres
12	bookLibrary	notes
13	bookLibrary	publishers
14	bookLibrary	reviews
15	bookLibrary	specialties
16	bookLibrary	students
17	bookLibrary	subjects
18	bookLibrary	subjectspecialtylink
19	bookLibrary	userroles
20	bookLibrary	users
21	users	profile
22	bookLibrary	user
23	bookLibrary	status
24	bookLibrary	notification
\.


--
-- Data for Name: django_migrations; Type: TABLE DATA; Schema: public; Owner: postgres
--

COPY public.django_migrations (id, app, name, applied) FROM stdin;
1	contenttypes	0001_initial	2025-03-12 13:25:06.688346+03
2	auth	0001_initial	2025-03-12 13:25:06.754075+03
3	admin	0001_initial	2025-03-12 13:25:06.774075+03
4	admin	0002_logentry_remove_auto_add	2025-03-12 13:25:06.779089+03
5	admin	0003_logentry_add_action_flag_choices	2025-03-12 13:25:06.784075+03
6	contenttypes	0002_remove_content_type_name	2025-03-12 13:25:06.798075+03
7	auth	0002_alter_permission_name_max_length	2025-03-12 13:25:06.805078+03
8	auth	0003_alter_user_email_max_length	2025-03-12 13:25:06.811682+03
9	auth	0004_alter_user_username_opts	2025-03-12 13:25:06.816777+03
10	auth	0005_alter_user_last_login_null	2025-03-12 13:25:06.821775+03
11	auth	0006_require_contenttypes_0002	2025-03-12 13:25:06.822776+03
12	auth	0007_alter_validators_add_error_messages	2025-03-12 13:25:06.827757+03
13	auth	0008_alter_user_username_max_length	2025-03-12 13:25:06.838758+03
14	auth	0009_alter_user_last_name_max_length	2025-03-12 13:25:06.844759+03
15	auth	0010_alter_group_name_max_length	2025-03-12 13:25:06.850773+03
16	auth	0011_update_proxy_permissions	2025-03-12 13:25:06.855757+03
17	auth	0012_alter_user_first_name_max_length	2025-03-12 13:25:06.863758+03
18	sessions	0001_initial	2025-03-12 13:25:06.87778+03
19	bookLibrary	0001_initial	2025-03-12 15:09:41.970272+03
20	users	0001_initial	2025-03-15 22:29:42.365728+03
21	bookLibrary	0002_alter_reviews_options	2025-03-17 17:34:56.315447+03
22	bookLibrary	0003_status	2025-03-24 17:56:59.949018+03
23	bookLibrary	0004_remove_user_email_user_encrypted_email	2025-03-28 15:40:46.864152+03
24	bookLibrary	0005_user_email_alter_user_encrypted_email	2025-03-28 15:52:15.081782+03
25	bookLibrary	0006_alter_authors_options_alter_bookmarks_options_and_more	2025-04-11 03:27:42.520419+03
26	bookLibrary	0002_notification	2025-05-07 00:15:08.107373+03
27	bookLibrary	0003_alter_notification_user	2025-05-07 00:24:06.997192+03
\.


--
-- Data for Name: django_session; Type: TABLE DATA; Schema: public; Owner: postgres
--

COPY public.django_session (session_key, session_data, expire_date) FROM stdin;
9teq6r11t5942w3pezyfgsmy5hlzv82e	e30:1ttaPn:cZ6Oem8tGJ5wDNJTehkpECWZanjaVHleX1aLmq-DlFA	2025-03-30 01:55:35.288042+03
m0y2r69tdpsev3djrforzf2qjuwop3n5	e30:1ttaRj:LxQhrS-KYIkKqXH27LG73HCS-F2n5YE4fPC4xPqz7BM	2025-03-30 01:57:35.740395+03
41jybe9bbgwsu00difszctspuz2tsc2b	e30:1ttaT7:hpHENwzYNOTJWNedy_mkr2493jJkjFdoqlfKWvmB57U	2025-03-30 01:59:01.797984+03
k3mj1q01oqcllggvnvij5mo4bh4sxgrg	e30:1ttaUe:74z600aW53uxXNSFrCpfSg3F-qKPOybp_H-HjW3cImg	2025-03-30 02:00:36.488691+03
gdjxmj4vhzhmpf4qtzlk3qttsqqznie2	e30:1ttaWf:Q1yxMmhrcvyqGkGNWwC_0lgApjTEi-8kqz6CmYa3ibE	2025-03-30 02:02:41.581424+03
k1bpkwjf3fd1apn93y8ayqkxhay7hw0v	e30:1ttaY4:PvHq-rYO9n3cHGRpPchihBk197f7UlY08H9Sl-Iq8qg	2025-03-30 02:04:08.376104+03
zlrbmjh3pz8t5b0w0rsm6fcj4cgel778	e30:1ttaYv:Jd3h9c85xzpAEAa1Xd78oj9CIB3yTW76T9ZIs93PygE	2025-03-30 02:05:01.332501+03
epih7bpwevjk7gn9ig4ioo240d2xqr13	.eJxVjEEOwiAQRe_C2hCgQMGle89AZoZBqoYmpV0Z765NutDtf-_9l0iwrTVtnZc0ZXEWxovT74hAD247yXdot1nS3NZlQrkr8qBdXufMz8vh_h1U6PVbA-nIDJGKJhPYgVc2EI2mWFuUw8DIg9HF5zgqHixqrSxCcIGQHbF4fwAuADjx:1uE90r:sgxnw9FrSQVDWJ9oqTmvtj8KMxew_IX7VEWsWd_VVEc	2025-05-25 18:54:49.901205+03
s00fk6tr01ko2r03192c9ksllcwgtxur	.eJxVjMsOwiAQRf-FtSG8KS7d-w1kYAapGkhKuzL-uzbpQrf3nHNfLMK21rgNWuKM7MykYqffMUF-UNsJ3qHdOs-9rcuc-K7wgw5-7UjPy-H-HVQY9VubDBSk88oJwGKheKWS0cWSJiwh2eSMnXyZRBBaGg8ZAMEmRSIoQs3eHxadOI4:1u1WPs:lmQ_vsYma2Uc64vcLyhlOTqbqzIT3nEZ87h2xFPW_rU	2025-04-20 23:16:28.712512+03
eoaezwvwz1rlvisjo3srjcjyzu3cbmex	.eJxVjEEOwiAQRe_C2hBgigMu3fcMDcyAVA0kpV0Z765NutDtf-_9l5jCtpZp62mZZhYXoZU4_Y4x0CPVnfA91FuT1Oq6zFHuijxol2Pj9Lwe7t9BCb186xyzIsxnxQGJGTKgJ3ZoPbBJhBqiUew5A1iE6DjQ4BCMYe0GG0G8Py5yOGs:1tzWgO:YqyvioWvznzTRAQNSLkWPDtLRxlaqhQo4bFyEOOOSpU	2025-04-15 11:09:16.635309+03
dwxcocxstnj1gvmezqwyamreaydiwuo1	.eJxVjEEOwiAQRe_C2pACU6Au3XsGMjNMpWpoUtqV8e7apAvd_vfef6mE21rS1mRJU1ZnZdTpdyPkh9Qd5DvW26x5rusykd4VfdCmr3OW5-Vw_w4KtvKtbRhGGRF8YGcByBCLNdF1sQvOWtND8BG8IELuQTJ3dmAXgDz3RBLU-wPJPDds:1ttxsT:K60r2yBjVsdKpJpKJmNoakDR4zx1OV6aCnBLMggcujA	2025-03-31 02:58:45.130558+03
28mulrr5q6vz7xq9rs1l7w2a1ca7ho7b	.eJxVjDsOwyAQBe9CHSFY802Z3mdAu4CDkwgkY1dR7h5bcpG0M_PemwXc1hK2npcwJ3Zl0rLLLySMz1wPkx5Y743HVtdlJn4k_LSdjy3l1-1s_w4K9rKvjRRJxQQ0OVAIpIUlsKj1MBhho_QOolEySnIWd0QIJk3CO5uFJ0D2-QLu4Tdg:1uDo57:2fTbdOp5a3c5szDk9xHHO6jbkbMZr1_FwP6kbMltd-Y	2025-05-24 20:33:49.505006+03
tx4xnjkl1oh7x3b6ho1qgov4n2wth3ke	.eJxVjEEOwiAQRe_C2pACU6Au3XsGMjNMpWpoUtqV8e7apAvd_vfef6mE21rS1mRJU1ZnZdTpdyPkh9Qd5DvW26x5rusykd4VfdCmr3OW5-Vw_w4KtvKtbRhGGRF8YGcByBCLNdF1sQvOWtND8BG8IELuQTJ3dmAXgDz3RBLU-wPJPDds:1u0dsx:Mmfn4siH_0fvX7uM9DTZkuzaIEVH4Hgu1uyovvsvVFE	2025-04-18 13:02:51.624187+03
tjf55u1rccv83jc1z6wqzdal4m2rqwaa	.eJxVjEEOwiAQRe_C2hBgigMu3fcMDcyAVA0kpV0Z765NutDtf-_9l5jCtpZp62mZZhYXoZU4_Y4x0CPVnfA91FuT1Oq6zFHuijxol2Pj9Lwe7t9BCb186xyzIsxnxQGJGTKgJ3ZoPbBJhBqiUew5A1iE6DjQ4BCMYe0GG0G8Py5yOGs:1u2v2K:VUJWeXXJ46e7fFye1lj2AHtkPYV_JtvJVsEWiqKqnfI	2025-04-24 19:45:56.733022+03
x62di756rxri7l4f2p18oqyyv0dllpt6	.eJxVjDkOwjAQRe_iGlmexEtMSc8ZosksOIAcKUuFuDtESgHtf-_9l-lxW0u_LTL3I5uzAXP63Qakh9Qd8B3rbbI01XUeB7sr9qCLvU4sz8vh_h0UXMq3Dp0yIXAKnr2PjjQpsesa8CqcvIPQRCSf2xw0EeQo0GIH4rKwxsG8P-sjOA0:1uEAya:rkExq_kQWdB_aLFfK9qLcgcrhNsn48FEpvNxQmaKRdE	2025-05-25 21:00:36.7734+03
\.


--
-- Data for Name: educational_institution; Type: TABLE DATA; Schema: public; Owner: postgres
--

COPY public.educational_institution (institution_id, institution_name, contract_date, contract_duration) FROM stdin;
4	╨Ъ╨╛╨╗╨╗╨╡╨┤╨╢ ╨┐╤А╨╕ ╨а╨в╨г ╨Ь╨Ш╨а╨н╨Р	2019-01-20	5
6	╨а╨н╨г ╨┐╤А╨╕ ╨У.╨Т. ╨╕╨╝. ╨Я╨╗╨╡╤Е╨░╨╜╨╛╨▓╨░	2025-04-10	3
7	╨Ь╨Ш╨а╨н╨Р	2025-04-09	3
5	╨Ь╨Я╨в ╨┐╤А╨╕ ╨а╨н╨г ╨╕╨╝. ╨У.╨Т. ╨Я╨╗╨╡╤Е╨░╨╜╨╛╨▓╨░	2025-03-06	5
8	╨Ь╨У╨г	2025-02-06	5
10	╨Ь╨в╨г╨б╨Ш	2025-03-27	2
11	╨Ь╨Ш╨б╨Ш╨б	2024-11-01	5
12	╨Ь╨У╨в╨г ╨╕╨╝. ╨С╨░╤Г╨╝╨░╨╜╨░	2025-02-06	5
13	╨Ь╨д╨в╨Ш	2025-02-01	5
9	╨Ь╨н╨Ш	2025-03-06	5
16	╨а╨е╨в╨г ╨╕╨╝. ╨Ф.╨Ш. ╨Ь╨╡╨╜╨┤╨╡╨╗╨╡╨╡╨▓╨░	2022-05-21	3
\.


--
-- Data for Name: genres; Type: TABLE DATA; Schema: public; Owner: postgres
--

COPY public.genres (genre_id, genre_name) FROM stdin;
1	╨б╨┐╤А╨░╨▓╨╛╤З╨╜╨╕╨║╨╕
2	╨г╤З╨╡╨▒╨╜╨░╤П ╨╗╨╕╤В╨╡╤А╨░╤В╤Г╤А╨░ ╨┐╨╛ ╤В╨╡╤Е╨╜╨╕╤З╨╡╤Б╨║╨╕╨╝ ╨╜╨░╤Г╨║╨░╨╝
3	╨а╨╛╨╝╨░╨╜
4	╨д╨░╨╜╤В╨░╤Б╤В╨╕╨║╨░
5	╨в╤А╨░╨│╨╡╨┤╨╕╤П
6	╨Ъ╨╛╨╝╨╡╨┤╨╕╤П
7	╨Я╨╛╨▓╨╡╤Б╤В╤М
8	╨Э╨╛╨▓╨╡╨╗╨╗╨░
9	╨Я╨╛╤Н╨╖╨╕╤П
10	╨Ф╨╡╤В╨╡╨║╤В╨╕╨▓
\.


--
-- Data for Name: notes; Type: TABLE DATA; Schema: public; Owner: postgres
--

COPY public.notes (note_id, book_id, page_number, note_content, date_added, users_id) FROM stdin;
5	2	2	sssss	2025-03-17 00:15:18.501936	1
7	2	490	wwww	2025-03-17 00:15:54.435727	1
14	2	1	╤Л╤Л╤Д╤Л╤Д╤Л	2025-03-17 15:03:55.466727	1
28	1	45	wedfedwfwe	2025-05-07 01:02:15.497675	17
30	10	41	╨б╨╛╤А╤В╨╕╤А╨╛╨▓╨║╨░ ╨▓╤Л╨▒╨╛╤А╨╛╨╝	2025-05-11 14:55:32.123215	17
31	2	254	╨а╨░╨╖╤А╨░╨▒╨╛╤В╨║╨░ ╨╕ ╨░╨╜╨░╨╗╨╕╨╖ ╨░╨╗╨│╨╛╤А╨╕╤В╨╝╨░	2025-05-11 14:56:19.590995	17
32	2	282	╨а╨░╨╖╤А╨░╨▒╨╛╤В╨║╨░ ╨░╨╗╨│╨╛╤А╨╕╤В╨╝╨░	2025-05-11 14:57:33.391925	17
33	6	384	╨У╨╗╨░╨▓╨░ ╨┐╤А╨╛ ╤Б╨╡╤В╨╡╨▓╨╛╨╣ ╤Г╤А╨╛╨▓╨╡╨╜╤М	2025-05-11 14:58:41.259361	17
34	6	649	╨Я╤А╨╛╤Б╤В╤А╨░╨╜╤Б╤В╨▓╨╛ ╨╕╨╝╤С╨╜ DNS	2025-05-11 15:00:29.885304	17
35	8	274	╨Ш╨╜╤Д╨╛╤А╨╝╨░╤Ж╨╕╤П ╨┐╤А╨╛ ╤А╨╡╤Д╨░╨║╤В╨╛╤А╨╕╨╜╨│	2025-05-11 15:05:04.864525	25
36	8	368	API	2025-05-11 15:06:05.208555	25
37	1	168	╨Р╨╜╨░╨╗╨╕╨╖ ╨▓╤А╨╡╨┤╨╛╨╜╨╛╤Б╨╜╤Л╤Е ╨┐╤А╨╛╨│╤А╨░╨╝╨╝	2025-05-11 15:06:43.123154	25
38	1	250	╨Я╤А╨░╨▓╨░ ╨┤╨╛╤Б╤В╤Г╨┐╨░ ╨║ ╤Д╨░╨╣╨╗╨░╨╝	2025-05-11 15:07:40.869576	25
39	4	659	╨У╨╗╨░╨▓╨░ ╨┐╤А╨╛ ╨▒╨╡╨╖╨╛╨┐╨░╤Б╨╜╨╛╤Б╤В╤М	2025-05-11 15:11:26.125468	25
40	4	681	╨Ь╨╛╨┤╨╡╨╗╤М ╨С╨╕╨▒╨░	2025-05-11 15:12:16.332277	25
41	5	643	╨С╨╗╨╛╨║╨╕╤А╨╛╨▓╨║╨░ ╤Д╨░╨╣╨╗╨╛╨▓ ╨▓ NFS	2025-05-11 15:16:50.913025	18
42	5	291	╨Т╨╡╨║╤В╨╛╤А╨╜╤Л╨╡ ╨╛╤В╨╝╨╡╤В╨║╨╕ ╨▓╤А╨╡╨╝╨╡╨╜╨╕	2025-05-11 15:17:45.405196	18
43	7	32	╨в╨╡╨╝╨░ ╤В╤А╨░╨╜╤Б╨┐╨╛╤А╤В╨╜╤Л╤Е ╨╖╨░╨┤╨░╤З	2025-05-11 15:23:19.62558	18
44	7	82	╨Ь╨╡╤В╨╛╨┤ ╨Ь╨╛╨╜╤В╨╡-╨Ъ╨░╤А╨╗╨╛	2025-05-11 15:23:51.37517	18
45	10	153	╨а╨░╨▒╨╛╤В╨░ ╤Б ╨░╨╗╨│╨╛╤А╨╕╤В╨╝╨╛╨╝ ╨Ф╨╡╨╣╨║╤Б╤В╤А╤Л	2025-05-11 15:26:15.931123	18
\.


--
-- Data for Name: notifications; Type: TABLE DATA; Schema: public; Owner: postgres
--

COPY public.notifications (id, title, message, is_read, created_at, user_id) FROM stdin;
3	╨Т╤Е╨╛╨┤ ╨▓ ╤Б╨╕╤Б╤В╨╡╨╝╤Г (bd_admin)	╨Т╤Л ╤Г╤Б╨┐╨╡╤И╨╜╨╛ ╨▓╨╛╤И╨╗╨╕ ╨▓ ╤Б╨╕╤Б╤В╨╡╨╝╤Г ╨║╨░╨║ bd_admin.	f	2025-05-07 01:27:25.839861+03	1
10	╨Т╤Е╨╛╨┤ ╨▓ ╤Б╨╕╤Б╤В╨╡╨╝╤Г (bd_admin)	╨Т╤Л ╤Г╤Б╨┐╨╡╤И╨╜╨╛ ╨▓╨╛╤И╨╗╨╕ ╨▓ ╤Б╨╕╤Б╤В╨╡╨╝╤Г ╨║╨░╨║ bd_admin.	f	2025-05-07 01:38:00.059462+03	1
11	╨Т╤Е╨╛╨┤ ╨▓ ╤Б╨╕╤Б╤В╨╡╨╝╤Г (bd_admin)	╨Т╤Л ╤Г╤Б╨┐╨╡╤И╨╜╨╛ ╨▓╨╛╤И╨╗╨╕ ╨▓ ╤Б╨╕╤Б╤В╨╡╨╝╤Г ╨║╨░╨║ bd_admin.	f	2025-05-07 01:38:58.564958+03	1
2	╨Т╤Е╨╛╨┤ ╨░╨┤╨╝╨╕╨╜╨╕╤Б╤В╤А╨░╤В╨╛╤А╨░	╨Т╤Л ╤Г╤Б╨┐╨╡╤И╨╜╨╛ ╨▓╨╛╤И╨╗╨╕ ╨▓ ╤Б╨╕╤Б╤В╨╡╨╝╤Г ╨║╨░╨║ ╨░╨┤╨╝╨╕╨╜╨╕╤Б╤В╤А╨░╤В╨╛╤А.	t	2025-05-07 01:08:10.638377+03	5
4	╨Т╤Е╨╛╨┤ ╨▓ ╤Б╨╕╤Б╤В╨╡╨╝╤Г (administrator)	╨Т╤Л ╤Г╤Б╨┐╨╡╤И╨╜╨╛ ╨▓╨╛╤И╨╗╨╕ ╨▓ ╤Б╨╕╤Б╤В╨╡╨╝╤Г ╨║╨░╨║ administrator.	t	2025-05-07 01:27:39.321012+03	5
20	╨б╨╕╤Б╤В╨╡╨╝╨╜╤Л╨╡ ╤Г╨▓╨╡╨┤╨╛╨╝╨╗╨╡╨╜╨╕╤П	╨Я╤А╨╛╨▓╨╡╤А╤М╤В╨╡ ╨┐╨╛╤Б╨╗╨╡╨┤╨╜╨╕╨╡ ╨┤╨╡╨╣╤Б╤В╨▓╨╕╤П ╨▓ ╤Б╨╕╤Б╤В╨╡╨╝╨╡.	t	2025-05-07 01:56:12.470231+03	5
19	╨Т╤Е╨╛╨┤ ╨▓ ╤Б╨╕╤Б╤В╨╡╨╝╤Г (administrator)	╨Т╤Л ╤Г╤Б╨┐╨╡╤И╨╜╨╛ ╨▓╨╛╤И╨╗╨╕ ╨▓ ╤Б╨╕╤Б╤В╨╡╨╝╤Г ╨║╨░╨║ administrator.	t	2025-05-07 01:56:12.467633+03	5
17	╨Т╤Е╨╛╨┤ ╨▓ ╤Б╨╕╤Б╤В╨╡╨╝╤Г (administrator)	╨Т╤Л ╤Г╤Б╨┐╨╡╤И╨╜╨╛ ╨▓╨╛╤И╨╗╨╕ ╨▓ ╤Б╨╕╤Б╤В╨╡╨╝╤Г ╨║╨░╨║ administrator.	t	2025-05-07 01:50:57.218823+03	5
16	╨б╨╕╤Б╤В╨╡╨╝╨╜╤Л╨╡ ╤Г╨▓╨╡╨┤╨╛╨╝╨╗╨╡╨╜╨╕╤П	╨Я╤А╨╛╨▓╨╡╤А╤М╤В╨╡ ╨┐╨╛╤Б╨╗╨╡╨┤╨╜╨╕╨╡ ╨┤╨╡╨╣╤Б╤В╨▓╨╕╤П ╨▓ ╤Б╨╕╤Б╤В╨╡╨╝╨╡.	t	2025-05-07 01:40:23.820954+03	5
18	╨б╨╕╤Б╤В╨╡╨╝╨╜╤Л╨╡ ╤Г╨▓╨╡╨┤╨╛╨╝╨╗╨╡╨╜╨╕╤П	╨Я╤А╨╛╨▓╨╡╤А╤М╤В╨╡ ╨┐╨╛╤Б╨╗╨╡╨┤╨╜╨╕╨╡ ╨┤╨╡╨╣╤Б╤В╨▓╨╕╤П ╨▓ ╤Б╨╕╤Б╤В╨╡╨╝╨╡.	t	2025-05-07 01:50:57.229855+03	5
15	╨Т╤Е╨╛╨┤ ╨▓ ╤Б╨╕╤Б╤В╨╡╨╝╤Г (administrator)	╨Т╤Л ╤Г╤Б╨┐╨╡╤И╨╜╨╛ ╨▓╨╛╤И╨╗╨╕ ╨▓ ╤Б╨╕╤Б╤В╨╡╨╝╤Г ╨║╨░╨║ administrator.	t	2025-05-07 01:40:23.81789+03	5
13	╨Э╨╛╨▓╨░╤П ╤А╨╡╨│╨╕╤Б╤В╤А╨░╤Ж╨╕╤П ╨┐╨╛╨╗╤М╨╖╨╛╨▓╨░╤В╨╡╨╗╤П	╨Ч╨░╤А╨╡╨│╨╕╤Б╤В╤А╨╕╤А╨╛╨▓╨░╨╜ ╨╜╨╛╨▓╤Л╨╣ ╨┐╨╛╨╗╤М╨╖╨╛╨▓╨░╤В╨╡╨╗╤М: munzir (isip_m.m.yakubi@mpt.ru)	t	2025-05-07 01:39:39.688779+03	5
8	╨б╨╕╤Б╤В╨╡╨╝╨╜╤Л╨╡ ╤Г╨▓╨╡╨┤╨╛╨╝╨╗╨╡╨╜╨╕╤П	╨Я╤А╨╛╨▓╨╡╤А╤М╤В╨╡ ╨┐╨╛╤Б╨╗╨╡╨┤╨╜╨╕╨╡ ╨┤╨╡╨╣╤Б╤В╨▓╨╕╤П ╨▓ ╤Б╨╕╤Б╤В╨╡╨╝╨╡.	t	2025-05-07 01:31:28.096816+03	5
9	╨Э╨╛╨▓╤Л╨╡ ╨┐╨╛╨╗╤М╨╖╨╛╨▓╨░╤В╨╡╨╗╨╕	╨Ч╨░ ╨┐╨╛╤Б╨╗╨╡╨┤╨╜╨╕╨╡ 24 ╤З╨░╤Б╨░ ╨╖╨░╤А╨╡╨│╨╕╤Б╤В╤А╨╕╤А╨╛╨▓╨░╨╗╨╛╤Б╤М 1 ╨╜╨╛╨▓╤Л╤Е ╨┐╨╛╨╗╤М╨╖╨╛╨▓╨░╤В╨╡╨╗╨╡╨╣.	t	2025-05-07 01:31:28.112081+03	5
22	╨б╨╕╤Б╤В╨╡╨╝╨╜╤Л╨╡ ╤Г╨▓╨╡╨┤╨╛╨╝╨╗╨╡╨╜╨╕╤П	╨Я╤А╨╛╨▓╨╡╤А╤М╤В╨╡ ╨┐╨╛╤Б╨╗╨╡╨┤╨╜╨╕╨╡ ╨┤╨╡╨╣╤Б╤В╨▓╨╕╤П ╨▓ ╤Б╨╕╤Б╤В╨╡╨╝╨╡.	t	2025-05-07 02:04:17.087783+03	5
21	╨Т╤Е╨╛╨┤ ╨▓ ╤Б╨╕╤Б╤В╨╡╨╝╤Г (administrator)	╨Т╤Л ╤Г╤Б╨┐╨╡╤И╨╜╨╛ ╨▓╨╛╤И╨╗╨╕ ╨▓ ╤Б╨╕╤Б╤В╨╡╨╝╤Г ╨║╨░╨║ administrator.	t	2025-05-07 02:04:17.08488+03	5
7	╨Т╤Е╨╛╨┤ ╨▓ ╤Б╨╕╤Б╤В╨╡╨╝╤Г (administrator)	╨Т╤Л ╤Г╤Б╨┐╨╡╤И╨╜╨╛ ╨▓╨╛╤И╨╗╨╕ ╨▓ ╤Б╨╕╤Б╤В╨╡╨╝╤Г ╨║╨░╨║ administrator.	t	2025-05-07 01:31:28.094819+03	5
5	╨б╨╕╤Б╤В╨╡╨╝╨╜╤Л╨╡ ╤Г╨▓╨╡╨┤╨╛╨╝╨╗╨╡╨╜╨╕╤П	╨Я╤А╨╛╨▓╨╡╤А╤М╤В╨╡ ╨┐╨╛╤Б╨╗╨╡╨┤╨╜╨╕╨╡ ╨┤╨╡╨╣╤Б╤В╨▓╨╕╤П ╨▓ ╤Б╨╕╤Б╤В╨╡╨╝╨╡.	t	2025-05-07 01:27:39.323529+03	5
27	╨б╨╕╤Б╤В╨╡╨╝╨╜╤Л╨╡ ╤Г╨▓╨╡╨┤╨╛╨╝╨╗╨╡╨╜╨╕╤П	╨Я╤А╨╛╨▓╨╡╤А╤М╤В╨╡ ╨┐╨╛╤Б╨╗╨╡╨┤╨╜╨╕╨╡ ╨┤╨╡╨╣╤Б╤В╨▓╨╕╤П ╨▓ ╤Б╨╕╤Б╤В╨╡╨╝╨╡.	t	2025-05-07 02:19:38.385024+03	5
26	╨Т╤Е╨╛╨┤ ╨▓ ╤Б╨╕╤Б╤В╨╡╨╝╤Г (administrator)	╨Т╤Л ╤Г╤Б╨┐╨╡╤И╨╜╨╛ ╨▓╨╛╤И╨╗╨╕ ╨▓ ╤Б╨╕╤Б╤В╨╡╨╝╤Г ╨║╨░╨║ administrator.	t	2025-05-07 02:19:38.382641+03	5
28	╨Т╤Е╨╛╨┤ ╨▓ ╤Б╨╕╤Б╤В╨╡╨╝╤Г (bd_admin)	╨Т╤Л ╤Г╤Б╨┐╨╡╤И╨╜╨╛ ╨▓╨╛╤И╨╗╨╕ ╨▓ ╤Б╨╕╤Б╤В╨╡╨╝╤Г ╨║╨░╨║ bd_admin.	f	2025-05-07 02:31:42.852887+03	1
37	╨Ю╨▒╨╜╨╛╨▓╨╗╨╡╨╜╨╕╨╡ ╨▓ ╤Б╨╕╤Б╤В╨╡╨╝╨╡!	╨Ф╨╛╨▒╨░╨▓╨╗╨╡╨╜╨░ ╨▓╨╛╨╖╨╝╨╛╨╢╨╜╨╛╤Б╤В╤М ╨┐╤А╨╛╤Б╨╝╨╛╤В╤А╨░ ╤Б╤В╨░╤В╨╕╤Б╤В╨╕╨║╨╕ ╨┐╨╛╨╗╤М╨╖╨╛╨▓╨░╤В╨╡╨╗╨╡╨╣ ╨╕ ╤З╤В╨╡╨╜╨╕╤П ╨║╨╜╨╕╨│!	f	2025-05-07 03:19:03.857043+03	5
38	╨Ю╨▒╨╜╨╛╨▓╨╗╨╡╨╜╨╕╨╡ ╨▓ ╤Б╨╕╤Б╤В╨╡╨╝╨╡!	╨Ф╨╛╨▒╨░╨▓╨╗╨╡╨╜╨░ ╨▓╨╛╨╖╨╝╨╛╨╢╨╜╨╛╤Б╤В╤М ╨┐╤А╨╛╤Б╨╝╨╛╤В╤А╨░ ╤Г╨▓╨╡╨┤╨╛╨╝╨╗╨╡╨╜╨╕╨╣!	f	2025-05-07 03:20:15.91992+03	5
39	╨Ю╨▒╨╜╨╛╨▓╨╗╨╡╨╜╨╕╨╡ ╨▓ ╤Б╨╕╤Б╤В╨╡╨╝╨╡!	╨Ф╨╛╨▒╨░╨▓╨╗╨╡╨╜╨░ ╨░╨▓╤В╨╛╨╝╨░╤В╨╕╤З╨╡╤Б╨║╨░╤П ╨▒╨╗╨╛╨║╨╕╤А╨╛╨▓╨║╨░ ╨┐╨╛╨╗╤М╨╖╨╛╨▓╨░╤В╨╡╨╗╨╡╨╣, ╨╡╤Б╨╗╨╕ ╤Б╤А╨╛╨║ ╨┤╨╡╨╣╤Б╤В╨▓╨╕╤П ╨┤╨╛╨│╨╛╨▓╨╛╤А╨░ ╨╕╤Б╤В╤С╨║ ╨╕ ╨░╨▓╤В╨╛╨╝╨░╤В╨╕╤З╨╡╤Б╨║╨░╤П ╤А╨░╨╖╨▒╨╗╨╛╨║╨╕╤А╨╛╨▓╨║╨░, ╨╡╤Б╨╗╨╕ ╨┐╤А╨╛╨┤╨╗╤С╨╜!	f	2025-05-07 03:21:40.971758+03	5
44	╨Ю╨▒╨╜╨╛╨▓╨╗╨╡╨╜╨╕╨╡ ╨▓ ╤Б╨╕╤Б╤В╨╡╨╝╨╡!	╨Ш╤Б╨┐╤А╨░╨▓╨╗╨╡╨╜╤Л ╨▒╨░╨│╨╕ ╨╕ ╨╜╨╡╨┤╨╛╤З╤С╤В╤Л! ╨в╨╡╨┐╨╡╤А╤М ╨┐╨╛╨╗╤М╨╖╨╛╨▓╨░╤В╤М╤Б╤П ╨┐╨╗╨░╤В╤Д╨╛╤А╨╝╨╛╨╣ ╤Б╤В╨░╨╗╨╛ ╤Г╨┤╨╛╨▒╨╜╨╡╨╡ :)	f	2025-05-07 03:22:34.308927+03	5
50	╨б╨╕╤Б╤В╨╡╨╝╨╜╤Л╨╡ ╤Г╨▓╨╡╨┤╨╛╨╝╨╗╨╡╨╜╨╕╤П	╨Я╤А╨╛╨▓╨╡╤А╤М╤В╨╡ ╨┐╨╛╤Б╨╗╨╡╨┤╨╜╨╕╨╡ ╨┤╨╡╨╣╤Б╤В╨▓╨╕╤П ╨▓ ╤Б╨╕╤Б╤В╨╡╨╝╨╡.	f	2025-05-07 03:23:19.742193+03	5
49	╨Т╤Е╨╛╨┤ ╨▓ ╤Б╨╕╤Б╤В╨╡╨╝╤Г (administrator)	╨Т╤Л ╤Г╤Б╨┐╨╡╤И╨╜╨╛ ╨▓╨╛╤И╨╗╨╕ ╨▓ ╤Б╨╕╤Б╤В╨╡╨╝╤Г ╨║╨░╨║ administrator.	t	2025-05-07 03:23:19.728115+03	5
51	╨Т╤Е╨╛╨┤ ╨▓ ╤Б╨╕╤Б╤В╨╡╨╝╤Г (bd_admin)	╨Т╤Л ╤Г╤Б╨┐╨╡╤И╨╜╨╛ ╨▓╨╛╤И╨╗╨╕ ╨▓ ╤Б╨╕╤Б╤В╨╡╨╝╤Г ╨║╨░╨║ bd_admin.	f	2025-05-07 03:33:49.515203+03	1
52	╨Т╤Е╨╛╨┤ ╨▓ ╤Б╨╕╤Б╤В╨╡╨╝╤Г (administrator)	╨Т╤Л ╤Г╤Б╨┐╨╡╤И╨╜╨╛ ╨▓╨╛╤И╨╗╨╕ ╨▓ ╤Б╨╕╤Б╤В╨╡╨╝╤Г ╨║╨░╨║ administrator.	f	2025-05-07 03:38:42.507737+03	5
53	╨б╨╕╤Б╤В╨╡╨╝╨╜╤Л╨╡ ╤Г╨▓╨╡╨┤╨╛╨╝╨╗╨╡╨╜╨╕╤П	╨Я╤А╨╛╨▓╨╡╤А╤М╤В╨╡ ╨┐╨╛╤Б╨╗╨╡╨┤╨╜╨╕╨╡ ╨┤╨╡╨╣╤Б╤В╨▓╨╕╤П ╨▓ ╤Б╨╕╤Б╤В╨╡╨╝╨╡.	f	2025-05-07 03:38:42.510733+03	5
54	╨Ф╨╛╨▒╤А╨╛ ╨┐╨╛╨╢╨░╨╗╨╛╨▓╨░╤В╤М!	╨Т╤Л ╤Г╤Б╨┐╨╡╤И╨╜╨╛ ╨╖╨░╤А╨╡╨│╨╕╤Б╤В╤А╨╕╤А╨╛╨▓╨░╨╗╨╕╤Б╤М ╨▓ ╤Б╨╕╤Б╤В╨╡╨╝╨╡ ╨║╨░╨║ ╤З╨╕╤В╨░╤В╨╡╨╗╤М.	f	2025-05-07 03:59:42.035962+03	17
55	╨Э╨╛╨▓╨░╤П ╤А╨╡╨│╨╕╤Б╤В╤А╨░╤Ж╨╕╤П ╨┐╨╛╨╗╤М╨╖╨╛╨▓╨░╤В╨╡╨╗╤П	╨Ч╨░╤А╨╡╨│╨╕╤Б╤В╤А╨╕╤А╨╛╨▓╨░╨╜ ╨╜╨╛╨▓╤Л╨╣ ╨┐╨╛╨╗╤М╨╖╨╛╨▓╨░╤В╨╡╨╗╤М: kristina (isip_k.d.petrova@mpt.ru)	f	2025-05-07 03:59:42.042332+03	5
56	╨Т╤Е╨╛╨┤ ╨▓ ╤Б╨╕╤Б╤В╨╡╨╝╤Г (reader)	╨Т╤Л ╤Г╤Б╨┐╨╡╤И╨╜╨╛ ╨▓╨╛╤И╨╗╨╕ ╨▓ ╤Б╨╕╤Б╤В╨╡╨╝╤Г ╨║╨░╨║ reader.	f	2025-05-07 03:59:53.229102+03	17
57	╨Т╤Е╨╛╨┤ ╨▓ ╤Б╨╕╤Б╤В╨╡╨╝╤Г (administrator)	╨Т╤Л ╤Г╤Б╨┐╨╡╤И╨╜╨╛ ╨▓╨╛╤И╨╗╨╕ ╨▓ ╤Б╨╕╤Б╤В╨╡╨╝╤Г ╨║╨░╨║ administrator.	f	2025-05-07 04:03:17.534002+03	5
58	╨б╨╕╤Б╤В╨╡╨╝╨╜╤Л╨╡ ╤Г╨▓╨╡╨┤╨╛╨╝╨╗╨╡╨╜╨╕╤П	╨Я╤А╨╛╨▓╨╡╤А╤М╤В╨╡ ╨┐╨╛╤Б╨╗╨╡╨┤╨╜╨╕╨╡ ╨┤╨╡╨╣╤Б╤В╨▓╨╕╤П ╨▓ ╤Б╨╕╤Б╤В╨╡╨╝╨╡.	f	2025-05-07 04:03:17.538002+03	5
60	╨Э╨╛╨▓╨░╤П ╤А╨╡╨│╨╕╤Б╤В╤А╨░╤Ж╨╕╤П ╨┐╨╛╨╗╤М╨╖╨╛╨▓╨░╤В╨╡╨╗╤П	╨Ч╨░╤А╨╡╨│╨╕╤Б╤В╤А╨╕╤А╨╛╨▓╨░╨╜ ╨╜╨╛╨▓╤Л╨╣ ╨┐╨╛╨╗╤М╨╖╨╛╨▓╨░╤В╨╡╨╗╤М: liza (isip_e.d.kuznecova@mpt.ru)	f	2025-05-07 04:03:43.713353+03	5
61	╨Т╤Е╨╛╨┤ ╨▓ ╤Б╨╕╤Б╤В╨╡╨╝╤Г (reader)	╨Т╤Л ╤Г╤Б╨┐╨╡╤И╨╜╨╛ ╨▓╨╛╤И╨╗╨╕ ╨▓ ╤Б╨╕╤Б╤В╨╡╨╝╤Г ╨║╨░╨║ reader.	t	2025-05-07 04:03:52.878406+03	18
62	╨Т╤Е╨╛╨┤ ╨▓ ╤Б╨╕╤Б╤В╨╡╨╝╤Г (administrator)	╨Т╤Л ╤Г╤Б╨┐╨╡╤И╨╜╨╛ ╨▓╨╛╤И╨╗╨╕ ╨▓ ╤Б╨╕╤Б╤В╨╡╨╝╤Г ╨║╨░╨║ administrator.	f	2025-05-07 04:04:40.925561+03	5
63	╨б╨╕╤Б╤В╨╡╨╝╨╜╤Л╨╡ ╤Г╨▓╨╡╨┤╨╛╨╝╨╗╨╡╨╜╨╕╤П	╨Я╤А╨╛╨▓╨╡╤А╤М╤В╨╡ ╨┐╨╛╤Б╨╗╨╡╨┤╨╜╨╕╨╡ ╨┤╨╡╨╣╤Б╤В╨▓╨╕╤П ╨▓ ╤Б╨╕╤Б╤В╨╡╨╝╨╡.	t	2025-05-07 04:04:40.928791+03	5
64	╨Т╤Е╨╛╨┤ ╨▓ ╤Б╨╕╤Б╤В╨╡╨╝╤Г (reader)	╨Т╤Л ╤Г╤Б╨┐╨╡╤И╨╜╨╛ ╨▓╨╛╤И╨╗╨╕ ╨▓ ╤Б╨╕╤Б╤В╨╡╨╝╤Г ╨║╨░╨║ reader.	t	2025-05-09 01:40:23.191543+03	17
66	╨Т╤Е╨╛╨┤ ╨▓ ╤Б╨╕╤Б╤В╨╡╨╝╤Г (reader)	╨Т╤Л ╤Г╤Б╨┐╨╡╤И╨╜╨╛ ╨▓╨╛╤И╨╗╨╕ ╨▓ ╤Б╨╕╤Б╤В╨╡╨╝╤Г ╨║╨░╨║ reader.	f	2025-05-09 04:09:00.378025+03	17
67	╨Т╤Е╨╛╨┤ ╨▓ ╤Б╨╕╤Б╤В╨╡╨╝╤Г (bd_admin)	╨Т╤Л ╤Г╤Б╨┐╨╡╤И╨╜╨╛ ╨▓╨╛╤И╨╗╨╕ ╨▓ ╤Б╨╕╤Б╤В╨╡╨╝╤Г ╨║╨░╨║ bd_admin.	f	2025-05-09 04:18:34.927631+03	1
68	╨Т╤Е╨╛╨┤ ╨▓ ╤Б╨╕╤Б╤В╨╡╨╝╤Г (bd_admin)	╨Т╤Л ╤Г╤Б╨┐╨╡╤И╨╜╨╛ ╨▓╨╛╤И╨╗╨╕ ╨▓ ╤Б╨╕╤Б╤В╨╡╨╝╤Г ╨║╨░╨║ bd_admin.	f	2025-05-09 04:43:47.235292+03	1
69	╨Т╤Е╨╛╨┤ ╨▓ ╤Б╨╕╤Б╤В╨╡╨╝╤Г (administrator)	╨Т╤Л ╤Г╤Б╨┐╨╡╤И╨╜╨╛ ╨▓╨╛╤И╨╗╨╕ ╨▓ ╤Б╨╕╤Б╤В╨╡╨╝╤Г ╨║╨░╨║ administrator.	f	2025-05-09 04:44:23.895012+03	5
70	╨б╨╕╤Б╤В╨╡╨╝╨╜╤Л╨╡ ╤Г╨▓╨╡╨┤╨╛╨╝╨╗╨╡╨╜╨╕╤П	╨Я╤А╨╛╨▓╨╡╤А╤М╤В╨╡ ╨┐╨╛╤Б╨╗╨╡╨┤╨╜╨╕╨╡ ╨┤╨╡╨╣╤Б╤В╨▓╨╕╤П ╨▓ ╤Б╨╕╤Б╤В╨╡╨╝╨╡.	f	2025-05-09 04:44:23.898083+03	5
71	╨Т╤Е╨╛╨┤ ╨▓ ╤Б╨╕╤Б╤В╨╡╨╝╤Г (reader)	╨Т╤Л ╤Г╤Б╨┐╨╡╤И╨╜╨╛ ╨▓╨╛╤И╨╗╨╕ ╨▓ ╤Б╨╕╤Б╤В╨╡╨╝╤Г ╨║╨░╨║ reader.	f	2025-05-09 05:48:53.38834+03	17
72	╨Т╤Е╨╛╨┤ ╨▓ ╤Б╨╕╤Б╤В╨╡╨╝╤Г (bd_admin)	╨Т╤Л ╤Г╤Б╨┐╨╡╤И╨╜╨╛ ╨▓╨╛╤И╨╗╨╕ ╨▓ ╤Б╨╕╤Б╤В╨╡╨╝╤Г ╨║╨░╨║ bd_admin.	f	2025-05-09 05:49:22.925407+03	1
73	╨Т╤Е╨╛╨┤ ╨▓ ╤Б╨╕╤Б╤В╨╡╨╝╤Г (administrator)	╨Т╤Л ╤Г╤Б╨┐╨╡╤И╨╜╨╛ ╨▓╨╛╤И╨╗╨╕ ╨▓ ╤Б╨╕╤Б╤В╨╡╨╝╤Г ╨║╨░╨║ administrator.	f	2025-05-09 05:49:34.887348+03	5
74	╨б╨╕╤Б╤В╨╡╨╝╨╜╤Л╨╡ ╤Г╨▓╨╡╨┤╨╛╨╝╨╗╨╡╨╜╨╕╤П	╨Я╤А╨╛╨▓╨╡╤А╤М╤В╨╡ ╨┐╨╛╤Б╨╗╨╡╨┤╨╜╨╕╨╡ ╨┤╨╡╨╣╤Б╤В╨▓╨╕╤П ╨▓ ╤Б╨╕╤Б╤В╨╡╨╝╨╡.	f	2025-05-09 05:49:34.889349+03	5
75	╨Т╤Е╨╛╨┤ ╨▓ ╤Б╨╕╤Б╤В╨╡╨╝╤Г (bd_admin)	╨Т╤Л ╤Г╤Б╨┐╨╡╤И╨╜╨╛ ╨▓╨╛╤И╨╗╨╕ ╨▓ ╤Б╨╕╤Б╤В╨╡╨╝╤Г ╨║╨░╨║ bd_admin.	f	2025-05-09 05:59:52.718773+03	1
76	╨Т╤Е╨╛╨┤ ╨▓ ╤Б╨╕╤Б╤В╨╡╨╝╤Г (administrator)	╨Т╤Л ╤Г╤Б╨┐╨╡╤И╨╜╨╛ ╨▓╨╛╤И╨╗╨╕ ╨▓ ╤Б╨╕╤Б╤В╨╡╨╝╤Г ╨║╨░╨║ administrator.	f	2025-05-09 06:21:00.019899+03	5
77	╨б╨╕╤Б╤В╨╡╨╝╨╜╤Л╨╡ ╤Г╨▓╨╡╨┤╨╛╨╝╨╗╨╡╨╜╨╕╤П	╨Я╤А╨╛╨▓╨╡╤А╤М╤В╨╡ ╨┐╨╛╤Б╨╗╨╡╨┤╨╜╨╕╨╡ ╨┤╨╡╨╣╤Б╤В╨▓╨╕╤П ╨▓ ╤Б╨╕╤Б╤В╨╡╨╝╨╡.	f	2025-05-09 06:21:00.024061+03	5
78	╨Т╤Е╨╛╨┤ ╨▓ ╤Б╨╕╤Б╤В╨╡╨╝╤Г (reader)	╨Т╤Л ╤Г╤Б╨┐╨╡╤И╨╜╨╛ ╨▓╨╛╤И╨╗╨╕ ╨▓ ╤Б╨╕╤Б╤В╨╡╨╝╤Г ╨║╨░╨║ reader.	f	2025-05-09 06:37:49.04016+03	18
79	╨Т╤Е╨╛╨┤ ╨▓ ╤Б╨╕╤Б╤В╨╡╨╝╤Г (bd_admin)	╨Т╤Л ╤Г╤Б╨┐╨╡╤И╨╜╨╛ ╨▓╨╛╤И╨╗╨╕ ╨▓ ╤Б╨╕╤Б╤В╨╡╨╝╤Г ╨║╨░╨║ bd_admin.	f	2025-05-09 06:39:44.105572+03	1
80	╨Т╤Е╨╛╨┤ ╨▓ ╤Б╨╕╤Б╤В╨╡╨╝╤Г (bd_admin)	╨Т╤Л ╤Г╤Б╨┐╨╡╤И╨╜╨╛ ╨▓╨╛╤И╨╗╨╕ ╨▓ ╤Б╨╕╤Б╤В╨╡╨╝╤Г ╨║╨░╨║ bd_admin.	f	2025-05-09 06:43:18.550277+03	1
81	╨Т╤Е╨╛╨┤ ╨▓ ╤Б╨╕╤Б╤В╨╡╨╝╤Г (administrator)	╨Т╤Л ╤Г╤Б╨┐╨╡╤И╨╜╨╛ ╨▓╨╛╤И╨╗╨╕ ╨▓ ╤Б╨╕╤Б╤В╨╡╨╝╤Г ╨║╨░╨║ administrator.	f	2025-05-10 00:56:17.008335+03	5
82	╨б╨╕╤Б╤В╨╡╨╝╨╜╤Л╨╡ ╤Г╨▓╨╡╨┤╨╛╨╝╨╗╨╡╨╜╨╕╤П	╨Я╤А╨╛╨▓╨╡╤А╤М╤В╨╡ ╨┐╨╛╤Б╨╗╨╡╨┤╨╜╨╕╨╡ ╨┤╨╡╨╣╤Б╤В╨▓╨╕╤П ╨▓ ╤Б╨╕╤Б╤В╨╡╨╝╨╡.	t	2025-05-10 00:56:17.013848+03	5
83	╨Т╤Е╨╛╨┤ ╨▓ ╤Б╨╕╤Б╤В╨╡╨╝╤Г (bd_admin)	╨Т╤Л ╤Г╤Б╨┐╨╡╤И╨╜╨╛ ╨▓╨╛╤И╨╗╨╕ ╨▓ ╤Б╨╕╤Б╤В╨╡╨╝╤Г ╨║╨░╨║ bd_admin.	f	2025-05-10 04:35:53.666044+03	1
84	╨Т╤Е╨╛╨┤ ╨▓ ╤Б╨╕╤Б╤В╨╡╨╝╤Г (administrator)	╨Т╤Л ╤Г╤Б╨┐╨╡╤И╨╜╨╛ ╨▓╨╛╤И╨╗╨╕ ╨▓ ╤Б╨╕╤Б╤В╨╡╨╝╤Г ╨║╨░╨║ administrator.	f	2025-05-10 04:58:31.869056+03	5
85	╨б╨╕╤Б╤В╨╡╨╝╨╜╤Л╨╡ ╤Г╨▓╨╡╨┤╨╛╨╝╨╗╨╡╨╜╨╕╤П	╨Я╤А╨╛╨▓╨╡╤А╤М╤В╨╡ ╨┐╨╛╤Б╨╗╨╡╨┤╨╜╨╕╨╡ ╨┤╨╡╨╣╤Б╤В╨▓╨╕╤П ╨▓ ╤Б╨╕╤Б╤В╨╡╨╝╨╡.	f	2025-05-10 04:58:31.873182+03	5
86	╨Т╤Е╨╛╨┤ ╨▓ ╤Б╨╕╤Б╤В╨╡╨╝╤Г (reader)	╨Т╤Л ╤Г╤Б╨┐╨╡╤И╨╜╨╛ ╨▓╨╛╤И╨╗╨╕ ╨▓ ╤Б╨╕╤Б╤В╨╡╨╝╤Г ╨║╨░╨║ reader.	t	2025-05-10 04:59:57.646219+03	17
87	╨Т╤Е╨╛╨┤ ╨▓ ╤Б╨╕╤Б╤В╨╡╨╝╤Г (reader)	╨Т╤Л ╤Г╤Б╨┐╨╡╤И╨╜╨╛ ╨▓╨╛╤И╨╗╨╕ ╨▓ ╤Б╨╕╤Б╤В╨╡╨╝╤Г ╨║╨░╨║ reader.	f	2025-05-10 18:02:25.639644+03	17
88	╨Т╤Е╨╛╨┤ ╨▓ ╤Б╨╕╤Б╤В╨╡╨╝╤Г (bd_admin)	╨Т╤Л ╤Г╤Б╨┐╨╡╤И╨╜╨╛ ╨▓╨╛╤И╨╗╨╕ ╨▓ ╤Б╨╕╤Б╤В╨╡╨╝╤Г ╨║╨░╨║ bd_admin.	f	2025-05-10 19:27:33.271894+03	1
89	╨Т╤Е╨╛╨┤ ╨▓ ╤Б╨╕╤Б╤В╨╡╨╝╤Г (reader)	╨Т╤Л ╤Г╤Б╨┐╨╡╤И╨╜╨╛ ╨▓╨╛╤И╨╗╨╕ ╨▓ ╤Б╨╕╤Б╤В╨╡╨╝╤Г ╨║╨░╨║ reader.	f	2025-05-10 19:30:13.217312+03	18
90	╨Т╤Е╨╛╨┤ ╨▓ ╤Б╨╕╤Б╤В╨╡╨╝╤Г (bd_admin)	╨Т╤Л ╤Г╤Б╨┐╨╡╤И╨╜╨╛ ╨▓╨╛╤И╨╗╨╕ ╨▓ ╤Б╨╕╤Б╤В╨╡╨╝╤Г ╨║╨░╨║ bd_admin.	f	2025-05-10 19:39:44.752461+03	1
91	╨Т╤Е╨╛╨┤ ╨▓ ╤Б╨╕╤Б╤В╨╡╨╝╤Г (administrator)	╨Т╤Л ╤Г╤Б╨┐╨╡╤И╨╜╨╛ ╨▓╨╛╤И╨╗╨╕ ╨▓ ╤Б╨╕╤Б╤В╨╡╨╝╤Г ╨║╨░╨║ administrator.	f	2025-05-10 20:08:58.691628+03	5
92	╨б╨╕╤Б╤В╨╡╨╝╨╜╤Л╨╡ ╤Г╨▓╨╡╨┤╨╛╨╝╨╗╨╡╨╜╨╕╤П	╨Я╤А╨╛╨▓╨╡╤А╤М╤В╨╡ ╨┐╨╛╤Б╨╗╨╡╨┤╨╜╨╕╨╡ ╨┤╨╡╨╣╤Б╤В╨▓╨╕╤П ╨▓ ╤Б╨╕╤Б╤В╨╡╨╝╨╡.	t	2025-05-10 20:08:58.694595+03	5
93	╨Т╤Е╨╛╨┤ ╨▓ ╤Б╨╕╤Б╤В╨╡╨╝╤Г (reader)	╨Т╤Л ╤Г╤Б╨┐╨╡╤И╨╜╨╛ ╨▓╨╛╤И╨╗╨╕ ╨▓ ╤Б╨╕╤Б╤В╨╡╨╝╤Г ╨║╨░╨║ reader.	t	2025-05-10 20:30:19.34211+03	17
94	╨Т╤Е╨╛╨┤ ╨▓ ╤Б╨╕╤Б╤В╨╡╨╝╤Г (reader)	╨Т╤Л ╤Г╤Б╨┐╨╡╤И╨╜╨╛ ╨▓╨╛╤И╨╗╨╕ ╨▓ ╤Б╨╕╤Б╤В╨╡╨╝╤Г ╨║╨░╨║ reader.	f	2025-05-10 20:33:49.490434+03	17
95	╨Т╤Е╨╛╨┤ ╨▓ ╤Б╨╕╤Б╤В╨╡╨╝╤Г (bd_admin)	╨Т╤Л ╤Г╤Б╨┐╨╡╤И╨╜╨╛ ╨▓╨╛╤И╨╗╨╕ ╨▓ ╤Б╨╕╤Б╤В╨╡╨╝╤Г ╨║╨░╨║ bd_admin.	f	2025-05-10 20:34:25.118748+03	1
96	╨Т╤Е╨╛╨┤ ╨▓ ╤Б╨╕╤Б╤В╨╡╨╝╤Г (administrator)	╨Т╤Л ╤Г╤Б╨┐╨╡╤И╨╜╨╛ ╨▓╨╛╤И╨╗╨╕ ╨▓ ╤Б╨╕╤Б╤В╨╡╨╝╤Г ╨║╨░╨║ administrator.	f	2025-05-10 20:36:08.413886+03	5
97	╨б╨╕╤Б╤В╨╡╨╝╨╜╤Л╨╡ ╤Г╨▓╨╡╨┤╨╛╨╝╨╗╨╡╨╜╨╕╤П	╨Я╤А╨╛╨▓╨╡╤А╤М╤В╨╡ ╨┐╨╛╤Б╨╗╨╡╨┤╨╜╨╕╨╡ ╨┤╨╡╨╣╤Б╤В╨▓╨╕╤П ╨▓ ╤Б╨╕╤Б╤В╨╡╨╝╨╡.	t	2025-05-10 20:36:08.415891+03	5
98	╨Т╤Е╨╛╨┤ ╨▓ ╤Б╨╕╤Б╤В╨╡╨╝╤Г (bd_admin)	╨Т╤Л ╤Г╤Б╨┐╨╡╤И╨╜╨╛ ╨▓╨╛╤И╨╗╨╕ ╨▓ ╤Б╨╕╤Б╤В╨╡╨╝╤Г ╨║╨░╨║ bd_admin.	f	2025-05-10 20:37:27.096597+03	1
99	╨Т╤Е╨╛╨┤ ╨▓ ╤Б╨╕╤Б╤В╨╡╨╝╤Г (reader)	╨Т╤Л ╤Г╤Б╨┐╨╡╤И╨╜╨╛ ╨▓╨╛╤И╨╗╨╕ ╨▓ ╤Б╨╕╤Б╤В╨╡╨╝╤Г ╨║╨░╨║ reader.	f	2025-05-10 20:37:51.105114+03	17
100	╨Т╤Е╨╛╨┤ ╨▓ ╤Б╨╕╤Б╤В╨╡╨╝╤Г (reader)	╨Т╤Л ╤Г╤Б╨┐╨╡╤И╨╜╨╛ ╨▓╨╛╤И╨╗╨╕ ╨▓ ╤Б╨╕╤Б╤В╨╡╨╝╤Г ╨║╨░╨║ reader.	f	2025-05-10 20:40:32.493784+03	18
59	╨Ф╨╛╨▒╤А╨╛ ╨┐╨╛╨╢╨░╨╗╨╛╨▓╨░╤В╤М!	╨Т╤Л ╤Г╤Б╨┐╨╡╤И╨╜╨╛ ╨╖╨░╤А╨╡╨│╨╕╤Б╤В╤А╨╕╤А╨╛╨▓╨░╨╗╨╕╤Б╤М ╨▓ ╤Б╨╕╤Б╤В╨╡╨╝╨╡ ╨║╨░╨║ ╤З╨╕╤В╨░╤В╨╡╨╗╤М.	t	2025-05-07 04:03:43.709255+03	18
101	╨Т╤Е╨╛╨┤ ╨▓ ╤Б╨╕╤Б╤В╨╡╨╝╤Г (bd_admin)	╨Т╤Л ╤Г╤Б╨┐╨╡╤И╨╜╨╛ ╨▓╨╛╤И╨╗╨╕ ╨▓ ╤Б╨╕╤Б╤В╨╡╨╝╤Г ╨║╨░╨║ bd_admin.	f	2025-05-10 23:43:10.922717+03	1
102	╨Т╤Е╨╛╨┤ ╨▓ ╤Б╨╕╤Б╤В╨╡╨╝╤Г (bd_admin)	╨Т╤Л ╤Г╤Б╨┐╨╡╤И╨╜╨╛ ╨▓╨╛╤И╨╗╨╕ ╨▓ ╤Б╨╕╤Б╤В╨╡╨╝╤Г ╨║╨░╨║ bd_admin.	f	2025-05-10 23:46:02.41809+03	1
103	╨Т╤Е╨╛╨┤ ╨▓ ╤Б╨╕╤Б╤В╨╡╨╝╤Г (bd_admin)	╨Т╤Л ╤Г╤Б╨┐╨╡╤И╨╜╨╛ ╨▓╨╛╤И╨╗╨╕ ╨▓ ╤Б╨╕╤Б╤В╨╡╨╝╤Г ╨║╨░╨║ bd_admin.	f	2025-05-10 23:47:19.391592+03	1
104	╨Т╤Е╨╛╨┤ ╨▓ ╤Б╨╕╤Б╤В╨╡╨╝╤Г (reader)	╨Т╤Л ╤Г╤Б╨┐╨╡╤И╨╜╨╛ ╨▓╨╛╤И╨╗╨╕ ╨▓ ╤Б╨╕╤Б╤В╨╡╨╝╤Г ╨║╨░╨║ reader.	f	2025-05-11 17:52:22.397222+03	17
105	╨Т╤Е╨╛╨┤ ╨▓ ╤Б╨╕╤Б╤В╨╡╨╝╤Г (bd_admin)	╨Т╤Л ╤Г╤Б╨┐╨╡╤И╨╜╨╛ ╨▓╨╛╤И╨╗╨╕ ╨▓ ╤Б╨╕╤Б╤В╨╡╨╝╤Г ╨║╨░╨║ bd_admin.	f	2025-05-11 18:02:41.049812+03	1
106	╨Ф╨╛╨▒╤А╨╛ ╨┐╨╛╨╢╨░╨╗╨╛╨▓╨░╤В╤М!	╨Т╤Л ╤Г╤Б╨┐╨╡╤И╨╜╨╛ ╨╖╨░╤А╨╡╨│╨╕╤Б╤В╤А╨╕╤А╨╛╨▓╨░╨╗╨╕╤Б╤М ╨▓ ╤Б╨╕╤Б╤В╨╡╨╝╨╡ ╨║╨░╨║ ╤З╨╕╤В╨░╤В╨╡╨╗╤М.	f	2025-05-11 18:03:45.849798+03	25
107	╨Э╨╛╨▓╨░╤П ╤А╨╡╨│╨╕╤Б╤В╤А╨░╤Ж╨╕╤П ╨┐╨╛╨╗╤М╨╖╨╛╨▓╨░╤В╨╡╨╗╤П	╨Ч╨░╤А╨╡╨│╨╕╤Б╤В╤А╨╕╤А╨╛╨▓╨░╨╜ ╨╜╨╛╨▓╤Л╨╣ ╨┐╨╛╨╗╤М╨╖╨╛╨▓╨░╤В╨╡╨╗╤М: egor111 (isip_e.y.vasiluk@mpt.ru)	f	2025-05-11 18:03:45.853798+03	5
108	╨Т╤Е╨╛╨┤ ╨▓ ╤Б╨╕╤Б╤В╨╡╨╝╤Г (reader)	╨Т╤Л ╤Г╤Б╨┐╨╡╤И╨╜╨╛ ╨▓╨╛╤И╨╗╨╕ ╨▓ ╤Б╨╕╤Б╤В╨╡╨╝╤Г ╨║╨░╨║ reader.	f	2025-05-11 18:03:52.128443+03	25
109	╨Т╤Е╨╛╨┤ ╨▓ ╤Б╨╕╤Б╤В╨╡╨╝╤Г (administrator)	╨Т╤Л ╤Г╤Б╨┐╨╡╤И╨╜╨╛ ╨▓╨╛╤И╨╗╨╕ ╨▓ ╤Б╨╕╤Б╤В╨╡╨╝╤Г ╨║╨░╨║ administrator.	f	2025-05-11 18:13:40.821771+03	5
110	╨б╨╕╤Б╤В╨╡╨╝╨╜╤Л╨╡ ╤Г╨▓╨╡╨┤╨╛╨╝╨╗╨╡╨╜╨╕╤П	╨Я╤А╨╛╨▓╨╡╤А╤М╤В╨╡ ╨┐╨╛╤Б╨╗╨╡╨┤╨╜╨╕╨╡ ╨┤╨╡╨╣╤Б╤В╨▓╨╕╤П ╨▓ ╤Б╨╕╤Б╤В╨╡╨╝╨╡.	f	2025-05-11 18:13:40.825769+03	5
111	╨Т╤Е╨╛╨┤ ╨▓ ╤Б╨╕╤Б╤В╨╡╨╝╤Г (reader)	╨Т╤Л ╤Г╤Б╨┐╨╡╤И╨╜╨╛ ╨▓╨╛╤И╨╗╨╕ ╨▓ ╤Б╨╕╤Б╤В╨╡╨╝╤Г ╨║╨░╨║ reader.	f	2025-05-11 18:15:16.790932+03	18
112	╨Т╤Е╨╛╨┤ ╨▓ ╤Б╨╕╤Б╤В╨╡╨╝╤Г (administrator)	╨Т╤Л ╤Г╤Б╨┐╨╡╤И╨╜╨╛ ╨▓╨╛╤И╨╗╨╕ ╨▓ ╤Б╨╕╤Б╤В╨╡╨╝╤Г ╨║╨░╨║ administrator.	f	2025-05-11 18:26:28.223384+03	5
113	╨б╨╕╤Б╤В╨╡╨╝╨╜╤Л╨╡ ╤Г╨▓╨╡╨┤╨╛╨╝╨╗╨╡╨╜╨╕╤П	╨Я╤А╨╛╨▓╨╡╤А╤М╤В╨╡ ╨┐╨╛╤Б╨╗╨╡╨┤╨╜╨╕╨╡ ╨┤╨╡╨╣╤Б╤В╨▓╨╕╤П ╨▓ ╤Б╨╕╤Б╤В╨╡╨╝╨╡.	f	2025-05-11 18:26:28.226385+03	5
114	╨Т╤Е╨╛╨┤ ╨▓ ╤Б╨╕╤Б╤В╨╡╨╝╤Г (bd_admin)	╨Т╤Л ╤Г╤Б╨┐╨╡╤И╨╜╨╛ ╨▓╨╛╤И╨╗╨╕ ╨▓ ╤Б╨╕╤Б╤В╨╡╨╝╤Г ╨║╨░╨║ bd_admin.	f	2025-05-11 18:53:56.493181+03	27
116	╨б╨╕╤Б╤В╨╡╨╝╨╜╤Л╨╡ ╤Г╨▓╨╡╨┤╨╛╨╝╨╗╨╡╨╜╨╕╤П	╨Я╤А╨╛╨▓╨╡╤А╤М╤В╨╡ ╨┐╨╛╤Б╨╗╨╡╨┤╨╜╨╕╨╡ ╨┤╨╡╨╣╤Б╤В╨▓╨╕╤П ╨▓ ╤Б╨╕╤Б╤В╨╡╨╝╨╡.	t	2025-05-11 18:54:49.893083+03	26
115	╨Т╤Е╨╛╨┤ ╨▓ ╤Б╨╕╤Б╤В╨╡╨╝╤Г (administrator)	╨Т╤Л ╤Г╤Б╨┐╨╡╤И╨╜╨╛ ╨▓╨╛╤И╨╗╨╕ ╨▓ ╤Б╨╕╤Б╤В╨╡╨╝╤Г ╨║╨░╨║ administrator.	t	2025-05-11 18:54:49.890082+03	26
117	╨Т╤Е╨╛╨┤ ╨▓ ╤Б╨╕╤Б╤В╨╡╨╝╤Г (bd_admin)	╨Т╤Л ╤Г╤Б╨┐╨╡╤И╨╜╨╛ ╨▓╨╛╤И╨╗╨╕ ╨▓ ╤Б╨╕╤Б╤В╨╡╨╝╤Г ╨║╨░╨║ bd_admin.	f	2025-05-11 19:29:21.554842+03	1
118	╨Т╤Е╨╛╨┤ ╨▓ ╤Б╨╕╤Б╤В╨╡╨╝╤Г (bd_admin)	╨Т╤Л ╤Г╤Б╨┐╨╡╤И╨╜╨╛ ╨▓╨╛╤И╨╗╨╕ ╨▓ ╤Б╨╕╤Б╤В╨╡╨╝╤Г ╨║╨░╨║ bd_admin.	f	2025-05-11 19:29:38.248011+03	27
119	╨Т╤Е╨╛╨┤ ╨▓ ╤Б╨╕╤Б╤В╨╡╨╝╤Г (administrator)	╨Т╤Л ╤Г╤Б╨┐╨╡╤И╨╜╨╛ ╨▓╨╛╤И╨╗╨╕ ╨▓ ╤Б╨╕╤Б╤В╨╡╨╝╤Г ╨║╨░╨║ administrator.	f	2025-05-11 19:29:51.75304+03	26
120	╨б╨╕╤Б╤В╨╡╨╝╨╜╤Л╨╡ ╤Г╨▓╨╡╨┤╨╛╨╝╨╗╨╡╨╜╨╕╤П	╨Я╤А╨╛╨▓╨╡╤А╤М╤В╨╡ ╨┐╨╛╤Б╨╗╨╡╨┤╨╜╨╕╨╡ ╨┤╨╡╨╣╤Б╤В╨▓╨╕╤П ╨▓ ╤Б╨╕╤Б╤В╨╡╨╝╨╡.	f	2025-05-11 19:29:51.755795+03	26
121	╨Ш╨╖╨╝╨╡╨╜╤С╨╜ ╨╕╨╜╤В╨╡╤А╤Д╨╡╨╣╤Б!	╨в╨╡╨┐╨╡╤А╤М ╨┐╨╛╨╗╤М╨╖╨╛╨▓╨░╤В╤М╤Б╤П ╨┐╨╗╨░╤В╤Д╨╛╤А╨╝╨╛╨╣ ╤Б╤В╨░╨╗╨╛ ╨│╨╛╤А╨░╨╖╨┤╨╛ ╤Г╨┤╨╛╨▒╨╜╨╡╨╡!	f	2025-05-11 19:32:19.950254+03	17
122	╨Ш╨╖╨╝╨╡╨╜╤С╨╜ ╨╕╨╜╤В╨╡╤А╤Д╨╡╨╣╤Б!	╨в╨╡╨┐╨╡╤А╤М ╨┐╨╛╨╗╤М╨╖╨╛╨▓╨░╤В╤М╤Б╤П ╨┐╨╗╨░╤В╤Д╨╛╤А╨╝╨╛╨╣ ╤Б╤В╨░╨╗╨╛ ╨│╨╛╤А╨░╨╖╨┤╨╛ ╤Г╨┤╨╛╨▒╨╜╨╡╨╡!	f	2025-05-11 19:32:19.955117+03	18
123	╨Ш╨╖╨╝╨╡╨╜╤С╨╜ ╨╕╨╜╤В╨╡╤А╤Д╨╡╨╣╤Б!	╨в╨╡╨┐╨╡╤А╤М ╨┐╨╛╨╗╤М╨╖╨╛╨▓╨░╤В╤М╤Б╤П ╨┐╨╗╨░╤В╤Д╨╛╤А╨╝╨╛╨╣ ╤Б╤В╨░╨╗╨╛ ╨│╨╛╤А╨░╨╖╨┤╨╛ ╤Г╨┤╨╛╨▒╨╜╨╡╨╡!	f	2025-05-11 19:32:19.955117+03	25
124	╨Ш╨╖╨╝╨╡╨╜╤С╨╜ ╨╕╨╜╤В╨╡╤А╤Д╨╡╨╣╤Б!	╨в╨╡╨┐╨╡╤А╤М ╨┐╨╛╨╗╤М╨╖╨╛╨▓╨░╤В╤М╤Б╤П ╨┐╨╗╨░╤В╤Д╨╛╤А╨╝╨╛╨╣ ╤Б╤В╨░╨╗╨╛ ╨│╨╛╤А╨░╨╖╨┤╨╛ ╤Г╨┤╨╛╨▒╨╜╨╡╨╡!	f	2025-05-11 19:32:19.95616+03	26
125	╨Ш╨╖╨╝╨╡╨╜╤С╨╜ ╨╕╨╜╤В╨╡╤А╤Д╨╡╨╣╤Б!	╨в╨╡╨┐╨╡╤А╤М ╨┐╨╛╨╗╤М╨╖╨╛╨▓╨░╤В╤М╤Б╤П ╨┐╨╗╨░╤В╤Д╨╛╤А╨╝╨╛╨╣ ╤Б╤В╨░╨╗╨╛ ╨│╨╛╤А╨░╨╖╨┤╨╛ ╤Г╨┤╨╛╨▒╨╜╨╡╨╡!	f	2025-05-11 19:32:19.957115+03	5
126	╨Ф╨╛╨▒╨░╨▓╨╗╨╡╨╜╨░ ╤Б╤В╨░╤В╨╕╤Б╤В╨╕╨║╨░ ╨┐╨╛╨╗╤М╨╖╨╛╨▓╨░╤В╨╡╨╗╨╡╨╣!	╨в╨╡╨┐╨╡╤А╤М ╨╗╨╡╨│╨║╨╛ ╨┐╤А╨╛╤Б╨╝╨░╤В╤А╨╕╨▓╨░╤В╤М ╤Б╤В╨░╤В╨╕╤Б╤В╨╕╨║╤Г ╨┐╨╛╨╗╤М╨╖╨╛╨▓╨░╤В╨╡╨╗╨╡╨╣ ╨╕ ╤Б╤В╤Г╨┤╨╡╨╜╤В╨╛╨▓!	f	2025-05-11 19:33:35.955874+03	5
127	╨Ф╨╛╨▒╨░╨▓╨╗╨╡╨╜╨░ ╤Б╤В╨░╤В╨╕╤Б╤В╨╕╨║╨░ ╨┐╨╛╨╗╤М╨╖╨╛╨▓╨░╤В╨╡╨╗╨╡╨╣!	╨в╨╡╨┐╨╡╤А╤М ╨╗╨╡╨│╨║╨╛ ╨┐╤А╨╛╤Б╨╝╨░╤В╤А╨╕╨▓╨░╤В╤М ╤Б╤В╨░╤В╨╕╤Б╤В╨╕╨║╤Г ╨┐╨╛╨╗╤М╨╖╨╛╨▓╨░╤В╨╡╨╗╨╡╨╣ ╨╕ ╤Б╤В╤Г╨┤╨╡╨╜╤В╨╛╨▓!	f	2025-05-11 19:33:35.959858+03	26
128	╨Ф╨╛╨▒╨░╨▓╨╗╨╡╨╜╨░ ╤Б╨╛╤А╤В╨╕╤А╨╛╨▓╨║╨░ ╨║╨╜╨╕╨│!	╨Т ╤Б╨╕╤Б╤В╨╡╨╝╤Г ╨┤╨╛╨▒╨░╨▓╨╗╨╡╨╜╨░ ╤Б╨╛╤А╤В╨╕╤А╨╛╨▓╨║╨░ ╨┐╨╛ ╨░╨╗╤Д╨░╨▓╨╕╤В╤Г! ╨в╨╡╨┐╨╡╤А╤М ╨┐╨╛╨╕╤Б╨║ ╨╜╤Г╨╢╨╜╤Л╤Е ╨║╨╜╨╕╨│ ╤Б╤В╨░╨╗ ╨│╨╛╤А╨░╨╖╨┤╨╛ ╤Г╨┤╨╛╨▒╨╜╨╡╨╡ ╨╕ ╨▒╤Л╤Б╤В╤А╨╡╨╡!	f	2025-05-11 19:35:09.507702+03	25
129	╨Ф╨╛╨▒╨░╨▓╨╗╨╡╨╜╨░ ╤Б╨╛╤А╤В╨╕╤А╨╛╨▓╨║╨░ ╨║╨╜╨╕╨│!	╨Т ╤Б╨╕╤Б╤В╨╡╨╝╤Г ╨┤╨╛╨▒╨░╨▓╨╗╨╡╨╜╨░ ╤Б╨╛╤А╤В╨╕╤А╨╛╨▓╨║╨░ ╨┐╨╛ ╨░╨╗╤Д╨░╨▓╨╕╤В╤Г! ╨в╨╡╨┐╨╡╤А╤М ╨┐╨╛╨╕╤Б╨║ ╨╜╤Г╨╢╨╜╤Л╤Е ╨║╨╜╨╕╨│ ╤Б╤В╨░╨╗ ╨│╨╛╤А╨░╨╖╨┤╨╛ ╤Г╨┤╨╛╨▒╨╜╨╡╨╡ ╨╕ ╨▒╤Л╤Б╤В╤А╨╡╨╡!	f	2025-05-11 19:35:09.510712+03	18
130	╨Ф╨╛╨▒╨░╨▓╨╗╨╡╨╜╨░ ╤Б╨╛╤А╤В╨╕╤А╨╛╨▓╨║╨░ ╨║╨╜╨╕╨│!	╨Т ╤Б╨╕╤Б╤В╨╡╨╝╤Г ╨┤╨╛╨▒╨░╨▓╨╗╨╡╨╜╨░ ╤Б╨╛╤А╤В╨╕╤А╨╛╨▓╨║╨░ ╨┐╨╛ ╨░╨╗╤Д╨░╨▓╨╕╤В╤Г! ╨в╨╡╨┐╨╡╤А╤М ╨┐╨╛╨╕╤Б╨║ ╨╜╤Г╨╢╨╜╤Л╤Е ╨║╨╜╨╕╨│ ╤Б╤В╨░╨╗ ╨│╨╛╤А╨░╨╖╨┤╨╛ ╤Г╨┤╨╛╨▒╨╜╨╡╨╡ ╨╕ ╨▒╤Л╤Б╤В╤А╨╡╨╡!	f	2025-05-11 19:35:09.5117+03	17
131	╨Ф╨╛╨▒╨░╨▓╨╗╨╡╨╜╨░ ╨▓╨╛╨╖╨╝╨╛╨╢╨╜╨╛╤Б╤В╤М ╤Г╨┤╨░╨╗╨╡╨╜╨╕╤П ╨║╨╜╨╕╨│ ╤Б ╨┐╨╛╨╗╨║╨╕!	╨в╨╡╨┐╨╡╤А╤М ╤А╨╡╨┤╨░╨║╤В╨╕╤А╨╛╨▓╨░╤В╤М ╨╗╨╕╤З╨╜╤Г╤О ╨▒╨╕╨▒╨╗╨╕╨╛╤В╨╡╨║╤Г ╤Б╤В╨░╨╗╨╛ ╨┐╤А╨╛╤Й╨╡!	f	2025-05-11 19:36:07.509008+03	25
132	╨Ф╨╛╨▒╨░╨▓╨╗╨╡╨╜╨░ ╨▓╨╛╨╖╨╝╨╛╨╢╨╜╨╛╤Б╤В╤М ╤Г╨┤╨░╨╗╨╡╨╜╨╕╤П ╨║╨╜╨╕╨│ ╤Б ╨┐╨╛╨╗╨║╨╕!	╨в╨╡╨┐╨╡╤А╤М ╤А╨╡╨┤╨░╨║╤В╨╕╤А╨╛╨▓╨░╤В╤М ╨╗╨╕╤З╨╜╤Г╤О ╨▒╨╕╨▒╨╗╨╕╨╛╤В╨╡╨║╤Г ╤Б╤В╨░╨╗╨╛ ╨┐╤А╨╛╤Й╨╡!	f	2025-05-11 19:36:07.513236+03	18
133	╨Ф╨╛╨▒╨░╨▓╨╗╨╡╨╜╨░ ╨▓╨╛╨╖╨╝╨╛╨╢╨╜╨╛╤Б╤В╤М ╤Г╨┤╨░╨╗╨╡╨╜╨╕╤П ╨║╨╜╨╕╨│ ╤Б ╨┐╨╛╨╗╨║╨╕!	╨в╨╡╨┐╨╡╤А╤М ╤А╨╡╨┤╨░╨║╤В╨╕╤А╨╛╨▓╨░╤В╤М ╨╗╨╕╤З╨╜╤Г╤О ╨▒╨╕╨▒╨╗╨╕╨╛╤В╨╡╨║╤Г ╤Б╤В╨░╨╗╨╛ ╨┐╤А╨╛╤Й╨╡!	f	2025-05-11 19:36:07.514246+03	17
134	╨Ф╨╛╨▒╨░╨▓╨╗╨╡╨╜╤Л ╤Г╨▓╨╡╨┤╨╛╨╝╨╗╨╡╨╜╨╕╤П!	╨в╨╡╨┐╨╡╤А╤М ╨▓╤Л ╨▓╤Б╨╡╨│╨┤╨░ ╨▒╤Г╨┤╨╡╤В╨╡ ╨▓ ╨║╤Г╤А╤Б╨╡ ╨▓╤Б╨╡╤Е ╨╕╨╖╨╝╨╡╨╜╨╡╨╜╨╕╨╣ ╨╕ ╨╛╨▒╨╜╨╛╨▓╨╗╨╡╨╜╨╕╨╣ ╨▓ ╤Б╨╕╤Б╤В╨╡╨╝╨╡!	f	2025-05-11 19:37:09.507722+03	17
135	╨Ф╨╛╨▒╨░╨▓╨╗╨╡╨╜╤Л ╤Г╨▓╨╡╨┤╨╛╨╝╨╗╨╡╨╜╨╕╤П!	╨в╨╡╨┐╨╡╤А╤М ╨▓╤Л ╨▓╤Б╨╡╨│╨┤╨░ ╨▒╤Г╨┤╨╡╤В╨╡ ╨▓ ╨║╤Г╤А╤Б╨╡ ╨▓╤Б╨╡╤Е ╨╕╨╖╨╝╨╡╨╜╨╡╨╜╨╕╨╣ ╨╕ ╨╛╨▒╨╜╨╛╨▓╨╗╨╡╨╜╨╕╨╣ ╨▓ ╤Б╨╕╤Б╤В╨╡╨╝╨╡!	f	2025-05-11 19:37:09.509825+03	18
136	╨Ф╨╛╨▒╨░╨▓╨╗╨╡╨╜╤Л ╤Г╨▓╨╡╨┤╨╛╨╝╨╗╨╡╨╜╨╕╤П!	╨в╨╡╨┐╨╡╤А╤М ╨▓╤Л ╨▓╤Б╨╡╨│╨┤╨░ ╨▒╤Г╨┤╨╡╤В╨╡ ╨▓ ╨║╤Г╤А╤Б╨╡ ╨▓╤Б╨╡╤Е ╨╕╨╖╨╝╨╡╨╜╨╡╨╜╨╕╨╣ ╨╕ ╨╛╨▒╨╜╨╛╨▓╨╗╨╡╨╜╨╕╨╣ ╨▓ ╤Б╨╕╤Б╤В╨╡╨╝╨╡!	f	2025-05-11 19:37:09.51183+03	25
137	╨Ф╨╛╨▒╨░╨▓╨╗╨╡╨╜╤Л ╤Г╨▓╨╡╨┤╨╛╨╝╨╗╨╡╨╜╨╕╤П!	╨в╨╡╨┐╨╡╤А╤М ╨▓╤Л ╨▓╤Б╨╡╨│╨┤╨░ ╨▒╤Г╨┤╨╡╤В╨╡ ╨▓ ╨║╤Г╤А╤Б╨╡ ╨▓╤Б╨╡╤Е ╨╕╨╖╨╝╨╡╨╜╨╡╨╜╨╕╨╣ ╨╕ ╨╛╨▒╨╜╨╛╨▓╨╗╨╡╨╜╨╕╨╣ ╨▓ ╤Б╨╕╤Б╤В╨╡╨╝╨╡!	f	2025-05-11 19:37:09.51283+03	26
138	╨Ф╨╛╨▒╨░╨▓╨╗╨╡╨╜╤Л ╤Г╨▓╨╡╨┤╨╛╨╝╨╗╨╡╨╜╨╕╤П!	╨в╨╡╨┐╨╡╤А╤М ╨▓╤Л ╨▓╤Б╨╡╨│╨┤╨░ ╨▒╤Г╨┤╨╡╤В╨╡ ╨▓ ╨║╤Г╤А╤Б╨╡ ╨▓╤Б╨╡╤Е ╨╕╨╖╨╝╨╡╨╜╨╡╨╜╨╕╨╣ ╨╕ ╨╛╨▒╨╜╨╛╨▓╨╗╨╡╨╜╨╕╨╣ ╨▓ ╤Б╨╕╤Б╤В╨╡╨╝╨╡!	f	2025-05-11 19:37:09.513826+03	5
139	╨Ф╨╛╨▒╨░╨▓╨╗╨╡╨╜╨╕╨╡ ╨░╨▓╤В╨╛╨╝╨░╤В╨╕╤З╨╡╤Б╨║╨╛╨╣ ╨▒╨╗╨╛╨║╨╕╤А╨╛╨▓╨║╨╕ ╨┐╨╛╨╗╤М╨╖╨╛╨▓╨░╤В╨╡╨╗╨╡╨╣!	╨в╨╡╨┐╨╡╤А╤М ╨╜╨╡ ╨╜╤Г╨╢╨╜╨╛ ╤Б╨╗╨╡╨┤╨╕╤В╤М ╨╖╨░ ╤В╨╡╨╝, ╤Г ╨║╨░╨║╨╛╨╣ ╨╛╤А╨│╨░╨╜╨╕╨╖╨░╤Ж╨╕╨╕ ╨╕╤Б╤В╤С╨║ ╤Б╤А╨╛╨║ ╨┤╨╡╨╣╤Б╤В╨▓╨╕╤П ╨┤╨╛╨│╨╛╨▓╨╛╤А╨░, ╨▓╨╡╨┤╤М ╤Б╨╕╤Б╤В╨╡╨╝╨░ ╤Н╤В╨╛ ╤Б╨┤╨╡╨╗╨░╨╡╤В ╨░╨▓╤В╨╛╨╝╨░╤В╨╕╤З╨╡╤Б╨║╨╕ ╨╕ ╨╖╨░╨▒╨╗╨╛╨║╨╕╤А╤Г╨╡╤В ╨┐╨╛╨╗╤М╨╖╨╛╨▓╨░╤В╨╡╨╗╨╡╨╣, ╤Г ╨║╨╛╤В╨╛╤А╤Л╤Е ╨╕╤Б╤В╤С╨║ ╤Б╤А╨╛╨║ ╨┤╨╡╨╣╤Б╤В╨▓╨╕╤П ╨┤╨╛╨│╨╛╨▓╨╛╤А╨░! ;)	f	2025-05-11 19:38:50.486248+03	5
140	╨Ф╨╛╨▒╨░╨▓╨╗╨╡╨╜╨╕╨╡ ╨░╨▓╤В╨╛╨╝╨░╤В╨╕╤З╨╡╤Б╨║╨╛╨╣ ╨▒╨╗╨╛╨║╨╕╤А╨╛╨▓╨║╨╕ ╨┐╨╛╨╗╤М╨╖╨╛╨▓╨░╤В╨╡╨╗╨╡╨╣!	╨в╨╡╨┐╨╡╤А╤М ╨╜╨╡ ╨╜╤Г╨╢╨╜╨╛ ╤Б╨╗╨╡╨┤╨╕╤В╤М ╨╖╨░ ╤В╨╡╨╝, ╤Г ╨║╨░╨║╨╛╨╣ ╨╛╤А╨│╨░╨╜╨╕╨╖╨░╤Ж╨╕╨╕ ╨╕╤Б╤В╤С╨║ ╤Б╤А╨╛╨║ ╨┤╨╡╨╣╤Б╤В╨▓╨╕╤П ╨┤╨╛╨│╨╛╨▓╨╛╤А╨░, ╨▓╨╡╨┤╤М ╤Б╨╕╤Б╤В╨╡╨╝╨░ ╤Н╤В╨╛ ╤Б╨┤╨╡╨╗╨░╨╡╤В ╨░╨▓╤В╨╛╨╝╨░╤В╨╕╤З╨╡╤Б╨║╨╕ ╨╕ ╨╖╨░╨▒╨╗╨╛╨║╨╕╤А╤Г╨╡╤В ╨┐╨╛╨╗╤М╨╖╨╛╨▓╨░╤В╨╡╨╗╨╡╨╣, ╤Г ╨║╨╛╤В╨╛╤А╤Л╤Е ╨╕╤Б╤В╤С╨║ ╤Б╤А╨╛╨║ ╨┤╨╡╨╣╤Б╤В╨▓╨╕╤П ╨┤╨╛╨│╨╛╨▓╨╛╤А╨░! ;)	f	2025-05-11 19:38:50.489172+03	26
141	╨Ш╤Б╨┐╤А╨░╨▓╨╗╨╡╨╜╤Л ╨╜╨╡╨┤╨╛╤З╤С╤В╤Л!	╨Т ╤Б╨╕╤Б╤В╨╡╨╝╨╡ ╨▒╤Л╨╗╨╕ ╨╕╤Б╨┐╤А╨░╨▓╨╗╨╡╨╜╤Л ╨▒╨░╨│╨╕ ╨╕ ╨╜╨╡╨┤╨╛╤З╤С╤В╤Л, ╤В╨╡╨┐╨╡╤А╤М ╨┐╨╛╨╗╤М╨╖╨╛╨▓╨░╤В╤М╤Б╤П ╨┐╨╗╨░╤В╤Д╨╛╤А╨╝╨╛╨╣ ╤Б╤В╨░╨╗╨╛ ╨┐╤А╨╕╤П╤В╨╜╨╡╨╡ :)	f	2025-05-11 19:40:06.201324+03	17
142	╨Ш╤Б╨┐╤А╨░╨▓╨╗╨╡╨╜╤Л ╨╜╨╡╨┤╨╛╤З╤С╤В╤Л!	╨Т ╤Б╨╕╤Б╤В╨╡╨╝╨╡ ╨▒╤Л╨╗╨╕ ╨╕╤Б╨┐╤А╨░╨▓╨╗╨╡╨╜╤Л ╨▒╨░╨│╨╕ ╨╕ ╨╜╨╡╨┤╨╛╤З╤С╤В╤Л, ╤В╨╡╨┐╨╡╤А╤М ╨┐╨╛╨╗╤М╨╖╨╛╨▓╨░╤В╤М╤Б╤П ╨┐╨╗╨░╤В╤Д╨╛╤А╨╝╨╛╨╣ ╤Б╤В╨░╨╗╨╛ ╨┐╤А╨╕╤П╤В╨╜╨╡╨╡ :)	f	2025-05-11 19:40:06.206254+03	18
143	╨Ш╤Б╨┐╤А╨░╨▓╨╗╨╡╨╜╤Л ╨╜╨╡╨┤╨╛╤З╤С╤В╤Л!	╨Т ╤Б╨╕╤Б╤В╨╡╨╝╨╡ ╨▒╤Л╨╗╨╕ ╨╕╤Б╨┐╤А╨░╨▓╨╗╨╡╨╜╤Л ╨▒╨░╨│╨╕ ╨╕ ╨╜╨╡╨┤╨╛╤З╤С╤В╤Л, ╤В╨╡╨┐╨╡╤А╤М ╨┐╨╛╨╗╤М╨╖╨╛╨▓╨░╤В╤М╤Б╤П ╨┐╨╗╨░╤В╤Д╨╛╤А╨╝╨╛╨╣ ╤Б╤В╨░╨╗╨╛ ╨┐╤А╨╕╤П╤В╨╜╨╡╨╡ :)	f	2025-05-11 19:40:06.206254+03	25
144	╨Ш╤Б╨┐╤А╨░╨▓╨╗╨╡╨╜╤Л ╨╜╨╡╨┤╨╛╤З╤С╤В╤Л!	╨Т ╤Б╨╕╤Б╤В╨╡╨╝╨╡ ╨▒╤Л╨╗╨╕ ╨╕╤Б╨┐╤А╨░╨▓╨╗╨╡╨╜╤Л ╨▒╨░╨│╨╕ ╨╕ ╨╜╨╡╨┤╨╛╤З╤С╤В╤Л, ╤В╨╡╨┐╨╡╤А╤М ╨┐╨╛╨╗╤М╨╖╨╛╨▓╨░╤В╤М╤Б╤П ╨┐╨╗╨░╤В╤Д╨╛╤А╨╝╨╛╨╣ ╤Б╤В╨░╨╗╨╛ ╨┐╤А╨╕╤П╤В╨╜╨╡╨╡ :)	f	2025-05-11 19:40:06.207259+03	26
145	╨Ш╤Б╨┐╤А╨░╨▓╨╗╨╡╨╜╤Л ╨╜╨╡╨┤╨╛╤З╤С╤В╤Л!	╨Т ╤Б╨╕╤Б╤В╨╡╨╝╨╡ ╨▒╤Л╨╗╨╕ ╨╕╤Б╨┐╤А╨░╨▓╨╗╨╡╨╜╤Л ╨▒╨░╨│╨╕ ╨╕ ╨╜╨╡╨┤╨╛╤З╤С╤В╤Л, ╤В╨╡╨┐╨╡╤А╤М ╨┐╨╛╨╗╤М╨╖╨╛╨▓╨░╤В╤М╤Б╤П ╨┐╨╗╨░╤В╤Д╨╛╤А╨╝╨╛╨╣ ╤Б╤В╨░╨╗╨╛ ╨┐╤А╨╕╤П╤В╨╜╨╡╨╡ :)	f	2025-05-11 19:40:06.208231+03	5
146	╨Т╤Е╨╛╨┤ ╨▓ ╤Б╨╕╤Б╤В╨╡╨╝╤Г (reader)	╨Т╤Л ╤Г╤Б╨┐╨╡╤И╨╜╨╛ ╨▓╨╛╤И╨╗╨╕ ╨▓ ╤Б╨╕╤Б╤В╨╡╨╝╤Г ╨║╨░╨║ reader.	f	2025-05-11 19:40:26.515856+03	17
147	╨Т╤Е╨╛╨┤ ╨▓ ╤Б╨╕╤Б╤В╨╡╨╝╤Г (administrator)	╨Т╤Л ╤Г╤Б╨┐╨╡╤И╨╜╨╛ ╨▓╨╛╤И╨╗╨╕ ╨▓ ╤Б╨╕╤Б╤В╨╡╨╝╤Г ╨║╨░╨║ administrator.	f	2025-05-11 19:41:29.174408+03	26
148	╨б╨╕╤Б╤В╨╡╨╝╨╜╤Л╨╡ ╤Г╨▓╨╡╨┤╨╛╨╝╨╗╨╡╨╜╨╕╤П	╨Я╤А╨╛╨▓╨╡╤А╤М╤В╨╡ ╨┐╨╛╤Б╨╗╨╡╨┤╨╜╨╕╨╡ ╨┤╨╡╨╣╤Б╤В╨▓╨╕╤П ╨▓ ╤Б╨╕╤Б╤В╨╡╨╝╨╡.	t	2025-05-11 19:41:29.177389+03	26
149	╨Т╤Е╨╛╨┤ ╨▓ ╤Б╨╕╤Б╤В╨╡╨╝╤Г (bd_admin)	╨Т╤Л ╤Г╤Б╨┐╨╡╤И╨╜╨╛ ╨▓╨╛╤И╨╗╨╕ ╨▓ ╤Б╨╕╤Б╤В╨╡╨╝╤Г ╨║╨░╨║ bd_admin.	f	2025-05-11 20:22:52.525138+03	1
150	╨Т╤Е╨╛╨┤ ╨▓ ╤Б╨╕╤Б╤В╨╡╨╝╤Г (bd_admin)	╨Т╤Л ╤Г╤Б╨┐╨╡╤И╨╜╨╛ ╨▓╨╛╤И╨╗╨╕ ╨▓ ╤Б╨╕╤Б╤В╨╡╨╝╤Г ╨║╨░╨║ bd_admin.	f	2025-05-11 20:25:24.87951+03	1
151	╨Т╤Е╨╛╨┤ ╨▓ ╤Б╨╕╤Б╤В╨╡╨╝╤Г (bd_admin)	╨Т╤Л ╤Г╤Б╨┐╨╡╤И╨╜╨╛ ╨▓╨╛╤И╨╗╨╕ ╨▓ ╤Б╨╕╤Б╤В╨╡╨╝╤Г ╨║╨░╨║ bd_admin.	f	2025-05-11 20:33:59.666215+03	1
153	╨Т╤Е╨╛╨┤ ╨▓ ╤Б╨╕╤Б╤В╨╡╨╝╤Г (bd_admin)	╨Т╤Л ╤Г╤Б╨┐╨╡╤И╨╜╨╛ ╨▓╨╛╤И╨╗╨╕ ╨▓ ╤Б╨╕╤Б╤В╨╡╨╝╤Г ╨║╨░╨║ bd_admin.	f	2025-05-11 20:36:02.813276+03	1
154	╨Т╤Е╨╛╨┤ ╨▓ ╤Б╨╕╤Б╤В╨╡╨╝╤Г (bd_admin)	╨Т╤Л ╤Г╤Б╨┐╨╡╤И╨╜╨╛ ╨▓╨╛╤И╨╗╨╕ ╨▓ ╤Б╨╕╤Б╤В╨╡╨╝╤Г ╨║╨░╨║ bd_admin.	f	2025-05-11 20:36:35.822968+03	1
155	╨Т╤Е╨╛╨┤ ╨▓ ╤Б╨╕╤Б╤В╨╡╨╝╤Г (bd_admin)	╨Т╤Л ╤Г╤Б╨┐╨╡╤И╨╜╨╛ ╨▓╨╛╤И╨╗╨╕ ╨▓ ╤Б╨╕╤Б╤В╨╡╨╝╤Г ╨║╨░╨║ bd_admin.	f	2025-05-11 20:38:45.048695+03	1
156	╨Т╤Е╨╛╨┤ ╨▓ ╤Б╨╕╤Б╤В╨╡╨╝╤Г (bd_admin)	╨Т╤Л ╤Г╤Б╨┐╨╡╤И╨╜╨╛ ╨▓╨╛╤И╨╗╨╕ ╨▓ ╤Б╨╕╤Б╤В╨╡╨╝╤Г ╨║╨░╨║ bd_admin.	f	2025-05-11 20:39:30.734197+03	1
157	╨Т╤Е╨╛╨┤ ╨▓ ╤Б╨╕╤Б╤В╨╡╨╝╤Г (bd_admin)	╨Т╤Л ╤Г╤Б╨┐╨╡╤И╨╜╨╛ ╨▓╨╛╤И╨╗╨╕ ╨▓ ╤Б╨╕╤Б╤В╨╡╨╝╤Г ╨║╨░╨║ bd_admin.	f	2025-05-11 20:39:46.357592+03	1
158	╨Т╤Е╨╛╨┤ ╨▓ ╤Б╨╕╤Б╤В╨╡╨╝╤Г (bd_admin)	╨Т╤Л ╤Г╤Б╨┐╨╡╤И╨╜╨╛ ╨▓╨╛╤И╨╗╨╕ ╨▓ ╤Б╨╕╤Б╤В╨╡╨╝╤Г ╨║╨░╨║ bd_admin.	f	2025-05-11 20:44:50.941517+03	1
159	╨Т╤Е╨╛╨┤ ╨▓ ╤Б╨╕╤Б╤В╨╡╨╝╤Г (bd_admin)	╨Т╤Л ╤Г╤Б╨┐╨╡╤И╨╜╨╛ ╨▓╨╛╤И╨╗╨╕ ╨▓ ╤Б╨╕╤Б╤В╨╡╨╝╤Г ╨║╨░╨║ bd_admin.	f	2025-05-11 20:46:21.78253+03	1
160	╨Т╤Е╨╛╨┤ ╨▓ ╤Б╨╕╤Б╤В╨╡╨╝╤Г (bd_admin)	╨Т╤Л ╤Г╤Б╨┐╨╡╤И╨╜╨╛ ╨▓╨╛╤И╨╗╨╕ ╨▓ ╤Б╨╕╤Б╤В╨╡╨╝╤Г ╨║╨░╨║ bd_admin.	f	2025-05-11 20:53:37.694911+03	1
161	╨Т╤Е╨╛╨┤ ╨▓ ╤Б╨╕╤Б╤В╨╡╨╝╤Г (bd_admin)	╨Т╤Л ╤Г╤Б╨┐╨╡╤И╨╜╨╛ ╨▓╨╛╤И╨╗╨╕ ╨▓ ╤Б╨╕╤Б╤В╨╡╨╝╤Г ╨║╨░╨║ bd_admin.	f	2025-05-11 21:00:36.75577+03	1
\.


--
-- Data for Name: publishers; Type: TABLE DATA; Schema: public; Owner: postgres
--

COPY public.publishers (publisher_id, publisher_name) FROM stdin;
1	╨Ф╨╕╨░╨╗╨╡╨║╤В╨╕╨║╨░
2	╨Я╨╕╤В╨╡╤А
3	╨в╨╡╤Е╨╜╨╛╤Б╤Д╨╡╤А╨░
4	╨Я╤А╨╛╨║╨╛╤А╤Б╤В╤М
8	╨Ь╨╡╨┤╨╕╨░╨Ъ╨╜╨╕╨│╨░
9	╨Ъ╨╛╨Ы╨╕╨▒╤А╨╕
10	╨д╨╛╤А╤Г╨╝
11	╨С╨е╨Т-╨Я╨╡╤В╨╡╤А╨▒╤Г╤А╨│
12	╨н╨Ъ╨б╨Ь╨Ю
13	╨в╨╡╤А╤А╨░
14	╨Ш╨╜╤Д╤А╨░-╨Ь
\.


--
-- Data for Name: reviews; Type: TABLE DATA; Schema: public; Owner: postgres
--

COPY public.reviews (review_id, book_id, rating, review_text, date_created, users_id) FROM stdin;
21	1	5	╨Ь╨╜╨╛╨│╨╛ ╨┐╨╛╨╗╨╡╨╖╨╜╨╛╨╣ ╨╕╨╜╤Д╨╛╤А╨╝╨░╤Ж╨╕╨╕!	2025-05-07 01:02:41.972332	17
25	2	5	╨Ъ╨╜╨╕╨│╨░ ╨┐╨╛╨╗╨╡╨╖╨╜╨░╤П, ╨┐╨╛╨╝╨╛╨│╨╗╨░ ╤А╨░╨╖╨╛╨▒╤А╨░╤В╤М╤Б╤П ╤Б╨╛ ╤Б╨╗╨╛╨╢╨╜╤Л╨╝╨╕ ╤В╨╡╨╝╨░╨╝╨╕.	2025-05-10 17:32:29.494488	17
26	10	5	╨Ъ╨╜╨╕╨│╨░ ╨┤╨╛╨▓╨╛╨╗╤М╨╜╨╛ ╨┐╨╛╨╗╨╡╨╖╨╜╨░╤П ╨┤╨╗╤П ╨┐╤А╨╛╨│╤А╨░╨╝╨╝╨╕╤Б╤В╨╛╨▓!	2025-05-11 14:54:48.587597	17
27	6	5	╨Я╨╛╨╝╨╛╨│╨╗╨░ ╤А╨░╨╖╨╛╨▒╤А╨░╤В╤М╤Б╤П ╤Б╨╛ ╤Б╨╗╨╛╨╢╨╜╤Л╨╝╨╕ ╤В╨╡╨╝╨░╨╝╨╕ ╨┐╨╛ ╨║╨╛╨╝╨┐╤М╤О╤В╨╡╤А╨╜╤Л╨╝ ╤Б╨╡╤В╤П╨╝.	2025-05-11 15:00:53.744874	17
28	8	5	╨Т ╨║╨╜╨╕╨│╨╡ ╨┤╨╛╨▓╨╛╨╗╤М╨╜╨╛ ╨┐╤А╨╛╤Б╤В╤Л╨╝ ╤П╨╖╤Л╨║╨╛╨╝ ╨╛╨▒╤К╤П╤Б╨╜╨╡╨╜╤Л ╤В╨╡╨╝╤Л	2025-05-11 15:05:32.300852	25
29	1	5	╨Ф╨╛╨▓╨╛╨╗╤М╨╜╨╛ ╨╕╨╜╤В╨╡╤А╨╡╤Б╨╜╨░╤П ╨║╨╜╨╕╨│╨░ ╨┤╨╗╤П ╤В╨╡╤Е, ╨║╤В╨╛ ╨╕╨╜╤В╨╡╤А╨╡╤Б╤Г╨╡╤В╤Б╤П ╨╕╨╜╤Д╨╛╤А╨╝╨░╤Ж╨╕╨╛╨╜╨╜╨╛╨╣ ╨▒╨╡╨╖╨╛╨┐╨░╤Б╨╜╨╛╤Б╤В╤М╤О	2025-05-11 15:09:05.767698	25
30	4	4	╨Т╤Б╤С ╨┐╨╛╨┤╤А╨╛╨▒╨╜╨╛ ╨╛╨┐╨╕╤Б╨░╨╜╨╛, ╨╜╨╛ ╤З╨╕╤В╨░╨╡╤В╤Б╤П ╨┤╨╛╨▓╨╛╨╗╤М╨╜╨╛ ╤Б╨╗╨╛╨╢╨╜╨╛	2025-05-11 15:12:43.547361	25
31	5	4	╨Т╤Б╨╡ ╤В╨╡╨╝╤Л ╤А╨░╨╖╨╛╨▒╤А╨░╨╜╤Л ╨┐╨╛╨┤╤А╨╛╨▒╨╜╨╛, ╨┐╨╛╨╝╨╛╨│╨╗╨░ ╤Б╨╛ ╨╝╨╜╨╛╨│╨╕╨╝╨╕ ╨┐╤А╨░╨║╤В╨╕╤З╨╡╤Б╨║╨╕╨╝╨╕ ╤А╨░╨▒╨╛╤В╨░╨╝╨╕, ╨╜╨╛ ╨┐╨╛╤А╨╛╨╣ ╨┤╨╛╨▓╨╛╨╗╤М╨╜╨╛ ╤Б╨╗╨╛╨╢╨╜╨╛ ╤З╨╕╤В╨░╨╡╤В╤Б╤П, ╨╜╤Г╨╢╨╡╨╜ ╨╛╨┐╤А╨╡╨┤╨╡╨╗╨╡╨╜╨╜╤Л╨╣ ╤Д╤Г╨╜╨┤╨░╨╝╨╡╨╜╤В ╨┤╨╗╤П ╨┐╨╛╨╜╨╕╨╝╨░╨╜╨╕╤П.	2025-05-11 15:20:13.750023	18
32	5	5	╨е╨╛╤А╨╛╤И╨╛ ╤А╨░╨╖╨╛╨▒╤А╨░╨╜╤Л ╤В╨╡╨╝╤Л ╨┐╤А╨╛ ╨║╨╛╨╝╨┐╤М╤О╤В╨╡╤А╨╜╤Л╨╡ ╤Б╨╡╤В╨╕	2025-05-11 15:21:31.472414	18
33	7	5	╨Я╨╛╨╝╨╛╨│╨╗╨░ ╤А╨░╨╖╨╛╨▒╤А╨░╤В╤М╤Б╤П ╤Б ╤В╨╡╨╝╨╛╨╣ ╨╗╨╕╨╜╨╡╨╣╨╜╨╛╨│╨╛ ╨┐╤А╨╛╨│╤А╨░╨╝╨╝╨╕╤А╨╛╨▓╨░╨╜╨╕╤П, ╤Е╨╛╤А╨╛╤И╨╛ ╤А╨░╤Б╨║╤А╤Л╤В╨░ ╤В╨╡╨╝╨░	2025-05-11 15:22:48.560964	18
34	10	5	╨У╨╗╨░╨▓╨░ ╤Б ╤А╨╡╨║╤Г╤А╤Б╨╕╨╡╨╣ ╨╛╤З╨╡╨╜╤М ╤Е╨╛╤А╨╛╤И╨╛ ╨╛╨┐╨╕╤Б╨░╨╜╨░ ╨╕ ╨╛╨║╨░╨╖╨░╨╗╨░╤Б╤М ╨┐╨╛╨╗╨╡╨╖╨╜╨╛╨╣	2025-05-11 15:24:44.182696	18
35	10	5	╨Т ╤Ж╨╡╨╗╨╛╨╝, ╨║╨╜╨╕╨│╨░ ╨╜╨░╨┐╨╕╤Б╨░╨╜╨░ ╨┐╤А╨╛╤Б╤В╤Л╨╝ ╤П╨╖╤Л╨║╨╛╨╝ ╨╕ ╨▓╤Б╨╡ ╤В╨╡╨╝╤Л ╤А╨░╨╖╨╛╨▒╤А╨░╨╜╤Л ╨┐╨╛╨┤╤А╨╛╨▒╨╜╨╛!	2025-05-11 15:25:22.777993	18
\.


--
-- Data for Name: specialties; Type: TABLE DATA; Schema: public; Owner: postgres
--

COPY public.specialties (specialty_id, specialty_name, institution_id) FROM stdin;
4	╨б╨╡╤В╨╡╨▓╨╛╨╣ ╨╕ ╤Б╨╕╤Б╤В╨╡╨╝╨╜╤Л╨╣ ╨░╨┤╨╝╨╕╨╜╨╕╤Б╤В╤А╨░╤В╨╛╤А	4
6	╨Ш╨╜╤Д╨╛╤А╨╝╨░╤Ж╨╕╨╛╨╜╨╜╤Л╨╡ ╤Б╨╕╤Б╤В╨╡╨╝╤Л ╨╕ ╨┐╤А╨╛╨│╤А╨░╨╝╨╝╨╕╤А╨╛╨▓╨░╨╜╨╕╨╡	5
7	╨Ъ╨╛╨╝╨┐╤М╤О╤В╨╡╤А╨╜╤Л╨╡ ╤Б╨╕╤Б╤В╨╡╨╝╤Л ╨╕ ╨║╨╛╨╝╨┐╨╗╨╡╨║╤Б╤Л	5
8	╨Ю╨▒╨╡╤Б╨┐╨╡╤З╨╡╨╜╨╕╨╡ ╨╕╨╜╤Д╨╛╤А╨╝╨░╤Ж╨╕╨╛╨╜╨╜╨╛╨╣ ╨▒╨╡╨╖╨╛╨┐╨░╤Б╨╜╨╛╤Б╤В╨╕ ╨▓ ╨░╨▓╤В╨╛╨╝╨░╤В╨╕╨╖╨╕╤А╨╛╨▓╨░╨╜╨╜╤Л╤Е ╤Б╨╕╤Б╤В╨╡╨╝╨░╤Е	5
9	╨Я╤А╨░╨▓╨╛ ╨╕ ╨╛╤А╨│╨░╨╜╨╕╨╖╨░╤Ж╨╕╤П ╤Б╨╛╤Ж╨╕╨░╨╗╤М╨╜╨╛╨│╨╛ ╨╛╨▒╨╡╤Б╨┐╨╡╤З╨╡╨╜╨╕╤П	5
10	╨Ю╨▒╨╡╤Б╨┐╨╡╤З╨╡╨╜╨╕╨╡ ╨╕╨╜╤Д╨╛╤А╨╝╨░╤Ж╨╕╨╛╨╜╨╜╨╛╨╣ ╨▒╨╡╨╖╨╛╨┐╨░╤Б╨╜╨╛╤Б╤В╨╕ ╤В╨╡╨╗╨╡╨║╨╛╨╝╨╝╤Г╨╜╨╕╨║╨░╤Ж╨╕╨╛╨╜╨╜╤Л╤Е ╤Б╨╕╤Б╤В╨╡╨╝	4
11	╨Ю╨▒╨╡╤Б╨┐╨╡╤З╨╡╨╜╨╕╨╡ ╨╕╨╜╤Д╨╛╤А╨╝╨░╤Ж╨╕╨╛╨╜╨╜╨╛╨╣ ╨▒╨╡╨╖╨╛╨┐╨░╤Б╨╜╨╛╤Б╤В╨╕ ╨░╨▓╤В╨╛╨╝╨░╤В╨╕╨╖╨╕╤А╨╛╨▓╨░╨╜╨╜╤Л╤Е ╤Б╨╕╤Б╤В╨╡╨╝	4
12	╨Я╤А╨╛╨╕╨╖╨▓╨╛╨┤╤Б╤В╨▓╨╛ ╨╕  ╤Н╨║╤Б╨┐╨╗╤Г╨░╤В╨░╤Ж╨╕╤П ╨╛╨┐╤В╨╕╤З╨╡╤Б╨║╨╕╤Е ╨╕ ╨╛╨┐╤В╨╕╨║╨╛-╤Н╨╗╨╡╨║╤В╤А╨╛╨╜╨╜╤Л╤Е ╨┐╤А╨╕╨▒╨╛╤А╨╛╨▓ ╨╕ ╤Б╨╕╤Б╤В╨╡╨╝	4
13	╨Ш╨╜╤Д╨╛╤А╨╝╨░╤Ж╨╕╨╛╨╜╨╜╤Л╨╡ ╤Б╨╕╤Б╤В╨╡╨╝╤Л ╨╕ ╤В╨╡╤Е╨╜╨╛╨╗╨╛╨│╨╕╨╕	10
14	╨Я╤А╨╕╨║╨╗╨░╨┤╨╜╨░╤П ╨╕╨╜╤Д╨╛╤А╨╝╨░╤В╨╕╨║╨░	10
15	╨Я╤А╨╛╨│╤А╨░╨╝╨╝╨╜╨░╤П ╨╕╨╜╨╢╨╡╨╜╨╡╤А╨╕╤П	10
16	╨Я╤А╨╕╨║╨╗╨░╨┤╨╜╨░╤П ╨╝╨░╤В╨╡╨╝╨░╤В╨╕╨║╨░ ╨╕ ╨╕╨╜╤Д╨╛╤А╨╝╨░╤В╨╕╨║╨░	10
\.


--
-- Data for Name: status; Type: TABLE DATA; Schema: public; Owner: postgres
--

COPY public.status (status_id, status_name) FROM stdin;
1	╨Э╨╡ ╨░╨║╤В╨╕╨▓╨╡╨╜
2	╨Ч╨░╤А╨╡╨│╨╕╤Б╤В╤А╨╕╤А╨╛╨▓╨░╨╜
14	╨Ч╨░╨▒╨╗╨╛╨║╨╕╤А╨╛╨▓╨░╨╜
15	╨Ю╨╢╨╕╨┤╨░╨╜╨╕╨╡ ╨┐╨╛╨┤╤В╨▓╨╡╤А╨╢╨┤╨╡╨╜╨╕╤П
16	╨Т ╨╛╨╢╨╕╨┤╨░╨╜╨╕╨╕ ╨▓╨╛╤Б╤Б╤В╨░╨╜╨╛╨▓╨╗╨╡╨╜╨╕╤П
17	╨г╨┤╨░╨╗╤С╨╜
13	╨Р╨║╤В╨╕╨▓╨╡╨╜
18	╨Э╨░ ╨┐╤А╨╛╨▓╨╡╤А╨║╨╡
19	╨Ю╨╢╨╕╨┤╨░╨╜╨╕╨╡ ╨░╨║╤В╨╕╨▓╨░╤Ж╨╕╨╕
20	╨Т ╤А╨╡╨╢╨╕╨╝╨╡ ╤В╨╡╤Б╤В╨╕╤А╨╛╨▓╨░╨╜╨╕╤П
\.


--
-- Data for Name: students; Type: TABLE DATA; Schema: public; Owner: postgres
--

COPY public.students (student_id, first_name, last_name, middle_name, email, course, specialty_id, users_id, status_id) FROM stdin;
43	╨Ь╨░╨║╤Б╨╕╨╝	╨б╤В╨░╨╜╨╕╤Б╨╗╨░╨▓╨╛╨▓╨╕╤З	╨в╨░╤А╨░╤Б╨╡╨╜╨║╨╛╨▓	isip_m.s.tarasenkov@mpt.ru	4	6	\N	1
44	╨Ь╤Г╨╜╨╖╨╕╤А╤И╨╛╤Е	╨Ь╨░╨╝╤Г╤А╨┤╨╢╨╛╨╜	╨п╨║╤Г╨▒╨╕	isip_m.m.yakubi@mpt.ru	4	6	\N	1
45	╨в╨╕╨╝╨╛╤Д╨╡╨╣	╨Ь╨╕╤Е╨░╨╣╨╗╨╛╨▓╨╕╤З	╨Ъ╤Г╨╖╤М╨╝╨╕╨╜	sa50_t.m.kuzmin@mpt.ru	4	6	\N	1
46	╨Р╨╜╨┤╤А╨╡╨╣	╨Ъ╨╕╤А╨╕╨╗╨╗╨╛╨▓╨╕╤З	╨Р╨╜╤В╨╛╨╜╨╛╨▓	t50_a.k.antonov@mpt.ru	4	6	\N	1
47	╨Т╨░╨┤╨╕╨╝	╨и╨░╤Е╤А╤Г╤В╨┤╨╕╨╜╨╛╨▓╨╕╤З	╨Р╨▒╨┤╤Г╤А╨░╤Е╨╝╨░╨╜╨╛╨▓	t50_v.sh.abdurakhmanov@mpt.ru	4	6	\N	1
48	╨Ч╨░╤Е╨░╤А	╨Ш╨▓╨░╨╜╨╛╨▓	╨Ф╨╝╨╕╤В╤А╨╕╨╡╨▓╨╕╤З	\nt50_z.d.ivanov@mpt.ru	4	6	\N	1
49	╨Ъ╤Б╨╡╨╜╨╕╤П	╨Ш╨╗╤М╨╕╨╜╨╕╤З╨╜╨░	╨С╨╛╤А╨╛╨▓╨║╨╛╨▓╨░	t50_k.i.borovkova@mpt.ru	4	6	\N	1
50	╨Ю╨╗╨╡╨│	╨Ъ╨╗╨╕╨╝╨╛╨▓	╨Я╨░╨▓╨╗╨╛╨▓╨╕╤З	vd50_o.p.klimov@mpt.ru	4	6	\N	1
51	╨в╨╕╨╗╨╡╨║	╨Ц╨╡╨╜╨╕╤И╨▒╨╡╨║╨╛╨▓╨╕╤З	╨Ц╨╡╨╜╨╕╤И╨▒╨╡╨║╨╛╨▓	t50_t.j.jenishbekov@mpt.ru	4	6	\N	1
42	╨Ъ╤А╨╕╤Б╤В╨╕╨╜╨░	╨Я╨╡╤В╤А╨╛╨▓╨░	╨Ф╨╝╨╕╤В╤А╨╕╨╡╨▓╨╜╨░	isip_k.d.petrova@mpt.ru	4	6	17	2
40	╨Х╨╗╨╕╨╖╨░╨▓╨╡╤В╨░	╨Ъ╤Г╨╖╨╜╨╡╤Ж╨╛╨▓╨░	╨Ф╨╝╨╕╤В╤А╨╕╨╡╨▓╨╜╨░	isip_e.d.kuznecova@mpt.ru	4	6	18	2
39	╨Х╨│╨╛╤А	╨о╤А╤М╨╡╨▓╨╕╤З	╨Т╨░╤Б╨╕╨╗╤О╨║	isip_e.y.vasiluk@mpt.ru	4	6	25	2
38	╨Р╨╜╨┤╤А╨╡╨╣	╨Э╨╕╨║╨╛╨╗╨░╨╡╨▓╨╕╤З	╨Ч╨░╤Е╨░╤А╨╛╨▓	isip_a.n.zaharov@mpt.ru	2	6	\N	1
57	╨Р╨╜╨░╤Б╤В╨░╤Б╨╕╤П	╨Ъ╤Г╨┤╤А╤П╨▓╤Ж╨╡╨▓╨░	╨Ф╨╝╨╕╤В╤А╨╕╨╡╨▓╨╜╨░	nastiy@gmail.con	3	7	\N	1
\.


--
-- Data for Name: subject_specialty_link; Type: TABLE DATA; Schema: public; Owner: postgres
--

COPY public.subject_specialty_link (subject_specialty_id, specialty_id, subject_id, course) FROM stdin;
5	6	11	2
6	6	2	2
7	4	5	3
8	6	7	2
9	6	1	2
10	6	12	3
11	6	13	3
12	6	14	4
13	6	4	2
14	6	6	1
15	6	10	2
\.


--
-- Data for Name: subjects; Type: TABLE DATA; Schema: public; Owner: postgres
--

COPY public.subjects (subject_id, subject_name) FROM stdin;
1	╨Ю╨┐╨╡╤А╨░╤Ж╨╕╨╛╨╜╨╜╤Л╨╡ ╤Б╨╕╤Б╤В╨╡╨╝╤Л ╨╕ ╤Б╤А╨╡╨┤╤Л
2	╨Ю╤Б╨╜╨╛╨▓╤Л ╨░╨╗╨│╨╛╤А╨╕╤В╨╝╨╕╨╖╨░╤Ж╨╕╨╕ ╨╕ ╨┐╤А╨╛╨│╤А╨░╨╝╨╝╨╕╤А╨╛╨▓╨░╨╜╨╕╤П
3	╨Ю╤Б╨╜╨╛╨▓╤Л ╨┐╤А╨╛╨╡╨║╤В╨╕╤А╨╛╨▓╨░╨╜╨╕╤П ╨▒╨░╨╖ ╨┤╨░╨╜╨╜╤Л╤Е
4	╨Ъ╨╛╨╝╨┐╤М╤О╤В╨╡╤А╨╜╤Л╨╡ ╤Б╨╡╤В╨╕
5	╨Ш╨╜╨╛╤Б╤В╤А╨░╨╜╨╜╤Л╨╣ ╤П╨╖╤Л╨║
6	╨Ы╨╕╤В╨╡╤А╨░╤В╤Г╤А╨░
7	╨Я╤Б╨╕╤Е╨╛╨╗╨╛╨│╨╕╤П ╨╛╨▒╤Й╨╡╨╜╨╕╤П
8	╨Ь╨░╤В╨╡╨╝╨░╤В╨╕╤З╨╡╤Б╨║╨╛╨╡ ╨╝╨╛╨┤╨╡╨╗╨╕╤А╨╛╨▓╨░╨╜╨╕╨╡
9	╨Р╤А╤Е╨╕╤В╨╡╨║╤В╤Г╤А╨░ ╨░╨┐╨┐╨░╤А╨░╤В╨╜╤Л╤Е ╤Б╤А╨╡╨┤╤Б╤В╨▓
10	╨б╨╕╤Б╤В╨╡╨╝╨╜╨╛╨╡ ╨┐╤А╨╛╨│╤А╨░╨╝╨╝╨╕╤А╨╛╨▓╨░╨╜╨╕╨╡
11	╨а╨░╨╖╤А╨░╨▒╨╛╤В╨║╨░ ╨╝╨╛╨▒╨╕╨╗╤М╨╜╤Л╤Е ╨┐╤А╨╕╨╗╨╛╨╢╨╡╨╜╨╕╨╣
12	╨Я╤А╨░╨▓╨╛╨▓╨╛╨╡ ╨╛╨▒╨╡╤Б╨┐╨╡╤З╨╡╨╜╨╕╨╡ ╨┐╤А╨╛╤Д╨╡╤Б╤Б╨╕╨╛╨╜╨░╨╗╤М╨╜╨╛╨╣ ╨┤╨╡╤П╤В╨╡╨╗╤М╨╜╨╛╤Б╤В╨╕
13	╨в╨╡╤Е╨╜╨╛╨╗╨╛╨│╨╕╤П ╤А╨░╨╖╤А╨░╨▒╨╛╤В╨║╨╕ ╨╕ ╨╖╨░╤Й╨╕╤В╤Л ╨▒╨░╨╖ ╨┤╨░╨╜╨╜╤Л╤Е
14	╨в╨╡╤Е╨╜╨╛╨╗╨╛╨│╨╕╤П ╤А╨░╨╖╤А╨░╨▒╨╛╤В╨║╨╕ ╨┐╤А╨╛╨│╤А╨░╨╝╨╝╨╜╨╛╨│╨╛ ╨╛╨▒╨╡╤Б╨┐╨╡╤З╨╡╨╜╨╕╤П
\.


--
-- Data for Name: user_roles; Type: TABLE DATA; Schema: public; Owner: postgres
--

COPY public.user_roles (role_id, role_name) FROM stdin;
2	administrator
3	bd_admin
1	reader
\.


--
-- Data for Name: users_profile; Type: TABLE DATA; Schema: public; Owner: postgres
--

COPY public.users_profile (id, image, user_id) FROM stdin;
27	default.jpg	27
17	profile/2025/05/11/1000016516.jpg	17
26	default.jpg	26
28	default.jpg	28
25	profile/2025/05/11/62fc2b90f3c6187f7a5b0b1bd1e23052.jpg	25
30	default.jpg	30
1	profile/2025/03/16/default.jpg	1
18	default.jpg	18
5	default.jpg	5
\.


--
-- Name: auth_group_id_seq; Type: SEQUENCE SET; Schema: public; Owner: postgres
--

SELECT pg_catalog.setval('public.auth_group_id_seq', 1, false);


--
-- Name: auth_group_permissions_id_seq; Type: SEQUENCE SET; Schema: public; Owner: postgres
--

SELECT pg_catalog.setval('public.auth_group_permissions_id_seq', 1, false);


--
-- Name: auth_permission_id_seq; Type: SEQUENCE SET; Schema: public; Owner: postgres
--

SELECT pg_catalog.setval('public.auth_permission_id_seq', 96, true);


--
-- Name: auth_user_groups_id_seq; Type: SEQUENCE SET; Schema: public; Owner: postgres
--

SELECT pg_catalog.setval('public.auth_user_groups_id_seq', 1, false);


--
-- Name: auth_user_id_seq; Type: SEQUENCE SET; Schema: public; Owner: postgres
--

SELECT pg_catalog.setval('public.auth_user_id_seq', 32, true);


--
-- Name: auth_user_user_permissions_id_seq; Type: SEQUENCE SET; Schema: public; Owner: postgres
--

SELECT pg_catalog.setval('public.auth_user_user_permissions_id_seq', 1, false);


--
-- Name: authors_author_id_seq; Type: SEQUENCE SET; Schema: public; Owner: postgres
--

SELECT pg_catalog.setval('public.authors_author_id_seq', 16, true);


--
-- Name: bookmarks_bookmark_id_seq; Type: SEQUENCE SET; Schema: public; Owner: postgres
--

SELECT pg_catalog.setval('public.bookmarks_bookmark_id_seq', 42, true);


--
-- Name: books_book_id_seq; Type: SEQUENCE SET; Schema: public; Owner: postgres
--

SELECT pg_catalog.setval('public.books_book_id_seq', 15, true);


--
-- Name: django_admin_log_id_seq; Type: SEQUENCE SET; Schema: public; Owner: postgres
--

SELECT pg_catalog.setval('public.django_admin_log_id_seq', 87, true);


--
-- Name: django_content_type_id_seq; Type: SEQUENCE SET; Schema: public; Owner: postgres
--

SELECT pg_catalog.setval('public.django_content_type_id_seq', 24, true);


--
-- Name: django_migrations_id_seq; Type: SEQUENCE SET; Schema: public; Owner: postgres
--

SELECT pg_catalog.setval('public.django_migrations_id_seq', 27, true);


--
-- Name: educational_institution_institution_id_seq; Type: SEQUENCE SET; Schema: public; Owner: postgres
--

SELECT pg_catalog.setval('public.educational_institution_institution_id_seq', 16, true);


--
-- Name: genres_genre_id_seq; Type: SEQUENCE SET; Schema: public; Owner: postgres
--

SELECT pg_catalog.setval('public.genres_genre_id_seq', 14, true);


--
-- Name: notes_note_id_seq; Type: SEQUENCE SET; Schema: public; Owner: postgres
--

SELECT pg_catalog.setval('public.notes_note_id_seq', 45, true);


--
-- Name: notifications_id_seq; Type: SEQUENCE SET; Schema: public; Owner: postgres
--

SELECT pg_catalog.setval('public.notifications_id_seq', 161, true);


--
-- Name: publishers_publisher_id_seq; Type: SEQUENCE SET; Schema: public; Owner: postgres
--

SELECT pg_catalog.setval('public.publishers_publisher_id_seq', 14, true);


--
-- Name: reviews_review_id_seq; Type: SEQUENCE SET; Schema: public; Owner: postgres
--

SELECT pg_catalog.setval('public.reviews_review_id_seq', 35, true);


--
-- Name: specialties_specialty_id_seq; Type: SEQUENCE SET; Schema: public; Owner: postgres
--

SELECT pg_catalog.setval('public.specialties_specialty_id_seq', 18, true);


--
-- Name: status_status_id_seq; Type: SEQUENCE SET; Schema: public; Owner: postgres
--

SELECT pg_catalog.setval('public.status_status_id_seq', 20, true);


--
-- Name: students_student_id_seq; Type: SEQUENCE SET; Schema: public; Owner: postgres
--

SELECT pg_catalog.setval('public.students_student_id_seq', 58, true);


--
-- Name: subject_specialty_link_subject_specialty_id_seq; Type: SEQUENCE SET; Schema: public; Owner: postgres
--

SELECT pg_catalog.setval('public.subject_specialty_link_subject_specialty_id_seq', 17, true);


--
-- Name: subjects_subject_id_seq; Type: SEQUENCE SET; Schema: public; Owner: postgres
--

SELECT pg_catalog.setval('public.subjects_subject_id_seq', 20, true);


--
-- Name: user_roles_role_id_seq; Type: SEQUENCE SET; Schema: public; Owner: postgres
--

SELECT pg_catalog.setval('public.user_roles_role_id_seq', 10, true);


--
-- Name: users_profile_id_seq; Type: SEQUENCE SET; Schema: public; Owner: postgres
--

SELECT pg_catalog.setval('public.users_profile_id_seq', 32, true);


--
-- Name: auth_group auth_group_name_key; Type: CONSTRAINT; Schema: public; Owner: postgres
--

ALTER TABLE ONLY public.auth_group
    ADD CONSTRAINT auth_group_name_key UNIQUE (name);


--
-- Name: auth_group_permissions auth_group_permissions_group_id_permission_id_0cd325b0_uniq; Type: CONSTRAINT; Schema: public; Owner: postgres
--

ALTER TABLE ONLY public.auth_group_permissions
    ADD CONSTRAINT auth_group_permissions_group_id_permission_id_0cd325b0_uniq UNIQUE (group_id, permission_id);


--
-- Name: auth_group_permissions auth_group_permissions_pkey; Type: CONSTRAINT; Schema: public; Owner: postgres
--

ALTER TABLE ONLY public.auth_group_permissions
    ADD CONSTRAINT auth_group_permissions_pkey PRIMARY KEY (id);


--
-- Name: auth_group auth_group_pkey; Type: CONSTRAINT; Schema: public; Owner: postgres
--

ALTER TABLE ONLY public.auth_group
    ADD CONSTRAINT auth_group_pkey PRIMARY KEY (id);


--
-- Name: auth_permission auth_permission_content_type_id_codename_01ab375a_uniq; Type: CONSTRAINT; Schema: public; Owner: postgres
--

ALTER TABLE ONLY public.auth_permission
    ADD CONSTRAINT auth_permission_content_type_id_codename_01ab375a_uniq UNIQUE (content_type_id, codename);


--
-- Name: auth_permission auth_permission_pkey; Type: CONSTRAINT; Schema: public; Owner: postgres
--

ALTER TABLE ONLY public.auth_permission
    ADD CONSTRAINT auth_permission_pkey PRIMARY KEY (id);


--
-- Name: auth_user auth_user_email_key; Type: CONSTRAINT; Schema: public; Owner: postgres
--

ALTER TABLE ONLY public.auth_user
    ADD CONSTRAINT auth_user_email_key UNIQUE (email);


--
-- Name: auth_user_groups auth_user_groups_pkey; Type: CONSTRAINT; Schema: public; Owner: postgres
--

ALTER TABLE ONLY public.auth_user_groups
    ADD CONSTRAINT auth_user_groups_pkey PRIMARY KEY (id);


--
-- Name: auth_user_groups auth_user_groups_user_id_group_id_94350c0c_uniq; Type: CONSTRAINT; Schema: public; Owner: postgres
--

ALTER TABLE ONLY public.auth_user_groups
    ADD CONSTRAINT auth_user_groups_user_id_group_id_94350c0c_uniq UNIQUE (user_id, group_id);


--
-- Name: auth_user auth_user_pkey; Type: CONSTRAINT; Schema: public; Owner: postgres
--

ALTER TABLE ONLY public.auth_user
    ADD CONSTRAINT auth_user_pkey PRIMARY KEY (id);


--
-- Name: auth_user_user_permissions auth_user_user_permissions_pkey; Type: CONSTRAINT; Schema: public; Owner: postgres
--

ALTER TABLE ONLY public.auth_user_user_permissions
    ADD CONSTRAINT auth_user_user_permissions_pkey PRIMARY KEY (id);


--
-- Name: auth_user_user_permissions auth_user_user_permissions_user_id_permission_id_14a6b632_uniq; Type: CONSTRAINT; Schema: public; Owner: postgres
--

ALTER TABLE ONLY public.auth_user_user_permissions
    ADD CONSTRAINT auth_user_user_permissions_user_id_permission_id_14a6b632_uniq UNIQUE (user_id, permission_id);


--
-- Name: auth_user auth_user_username_key; Type: CONSTRAINT; Schema: public; Owner: postgres
--

ALTER TABLE ONLY public.auth_user
    ADD CONSTRAINT auth_user_username_key UNIQUE (username);


--
-- Name: authors authors_pkey; Type: CONSTRAINT; Schema: public; Owner: postgres
--

ALTER TABLE ONLY public.authors
    ADD CONSTRAINT authors_pkey PRIMARY KEY (author_id);


--
-- Name: bookmarks bookmarks_pkey; Type: CONSTRAINT; Schema: public; Owner: postgres
--

ALTER TABLE ONLY public.bookmarks
    ADD CONSTRAINT bookmarks_pkey PRIMARY KEY (bookmark_id);


--
-- Name: books books_pkey; Type: CONSTRAINT; Schema: public; Owner: postgres
--

ALTER TABLE ONLY public.books
    ADD CONSTRAINT books_pkey PRIMARY KEY (book_id);


--
-- Name: django_admin_log django_admin_log_pkey; Type: CONSTRAINT; Schema: public; Owner: postgres
--

ALTER TABLE ONLY public.django_admin_log
    ADD CONSTRAINT django_admin_log_pkey PRIMARY KEY (id);


--
-- Name: django_content_type django_content_type_app_label_model_76bd3d3b_uniq; Type: CONSTRAINT; Schema: public; Owner: postgres
--

ALTER TABLE ONLY public.django_content_type
    ADD CONSTRAINT django_content_type_app_label_model_76bd3d3b_uniq UNIQUE (app_label, model);


--
-- Name: django_content_type django_content_type_pkey; Type: CONSTRAINT; Schema: public; Owner: postgres
--

ALTER TABLE ONLY public.django_content_type
    ADD CONSTRAINT django_content_type_pkey PRIMARY KEY (id);


--
-- Name: django_migrations django_migrations_pkey; Type: CONSTRAINT; Schema: public; Owner: postgres
--

ALTER TABLE ONLY public.django_migrations
    ADD CONSTRAINT django_migrations_pkey PRIMARY KEY (id);


--
-- Name: django_session django_session_pkey; Type: CONSTRAINT; Schema: public; Owner: postgres
--

ALTER TABLE ONLY public.django_session
    ADD CONSTRAINT django_session_pkey PRIMARY KEY (session_key);


--
-- Name: educational_institution educational_institution_pkey; Type: CONSTRAINT; Schema: public; Owner: postgres
--

ALTER TABLE ONLY public.educational_institution
    ADD CONSTRAINT educational_institution_pkey PRIMARY KEY (institution_id);


--
-- Name: genres genres_genre_name_key; Type: CONSTRAINT; Schema: public; Owner: postgres
--

ALTER TABLE ONLY public.genres
    ADD CONSTRAINT genres_genre_name_key UNIQUE (genre_name);


--
-- Name: genres genres_pkey; Type: CONSTRAINT; Schema: public; Owner: postgres
--

ALTER TABLE ONLY public.genres
    ADD CONSTRAINT genres_pkey PRIMARY KEY (genre_id);


--
-- Name: notes notes_pkey; Type: CONSTRAINT; Schema: public; Owner: postgres
--

ALTER TABLE ONLY public.notes
    ADD CONSTRAINT notes_pkey PRIMARY KEY (note_id);


--
-- Name: notifications notifications_pkey; Type: CONSTRAINT; Schema: public; Owner: postgres
--

ALTER TABLE ONLY public.notifications
    ADD CONSTRAINT notifications_pkey PRIMARY KEY (id);


--
-- Name: publishers publishers_pkey; Type: CONSTRAINT; Schema: public; Owner: postgres
--

ALTER TABLE ONLY public.publishers
    ADD CONSTRAINT publishers_pkey PRIMARY KEY (publisher_id);


--
-- Name: publishers publishers_publisher_name_key; Type: CONSTRAINT; Schema: public; Owner: postgres
--

ALTER TABLE ONLY public.publishers
    ADD CONSTRAINT publishers_publisher_name_key UNIQUE (publisher_name);


--
-- Name: reviews reviews_pkey; Type: CONSTRAINT; Schema: public; Owner: postgres
--

ALTER TABLE ONLY public.reviews
    ADD CONSTRAINT reviews_pkey PRIMARY KEY (review_id);


--
-- Name: specialties specialties_pkey; Type: CONSTRAINT; Schema: public; Owner: postgres
--

ALTER TABLE ONLY public.specialties
    ADD CONSTRAINT specialties_pkey PRIMARY KEY (specialty_id);


--
-- Name: status status_pkey; Type: CONSTRAINT; Schema: public; Owner: postgres
--

ALTER TABLE ONLY public.status
    ADD CONSTRAINT status_pkey PRIMARY KEY (status_id);


--
-- Name: students students_email_key; Type: CONSTRAINT; Schema: public; Owner: postgres
--

ALTER TABLE ONLY public.students
    ADD CONSTRAINT students_email_key UNIQUE (email);


--
-- Name: students students_pkey; Type: CONSTRAINT; Schema: public; Owner: postgres
--

ALTER TABLE ONLY public.students
    ADD CONSTRAINT students_pkey PRIMARY KEY (student_id);


--
-- Name: subject_specialty_link subject_specialty_link_pkey; Type: CONSTRAINT; Schema: public; Owner: postgres
--

ALTER TABLE ONLY public.subject_specialty_link
    ADD CONSTRAINT subject_specialty_link_pkey PRIMARY KEY (subject_specialty_id);


--
-- Name: subjects subjects_pkey; Type: CONSTRAINT; Schema: public; Owner: postgres
--

ALTER TABLE ONLY public.subjects
    ADD CONSTRAINT subjects_pkey PRIMARY KEY (subject_id);


--
-- Name: user_roles user_roles_pkey; Type: CONSTRAINT; Schema: public; Owner: postgres
--

ALTER TABLE ONLY public.user_roles
    ADD CONSTRAINT user_roles_pkey PRIMARY KEY (role_id);


--
-- Name: user_roles user_roles_role_name_key; Type: CONSTRAINT; Schema: public; Owner: postgres
--

ALTER TABLE ONLY public.user_roles
    ADD CONSTRAINT user_roles_role_name_key UNIQUE (role_name);


--
-- Name: users_profile users_profile_pkey; Type: CONSTRAINT; Schema: public; Owner: postgres
--

ALTER TABLE ONLY public.users_profile
    ADD CONSTRAINT users_profile_pkey PRIMARY KEY (id);


--
-- Name: users_profile users_profile_user_id_key; Type: CONSTRAINT; Schema: public; Owner: postgres
--

ALTER TABLE ONLY public.users_profile
    ADD CONSTRAINT users_profile_user_id_key UNIQUE (user_id);


--
-- Name: auth_group_name_a6ea08ec_like; Type: INDEX; Schema: public; Owner: postgres
--

CREATE INDEX auth_group_name_a6ea08ec_like ON public.auth_group USING btree (name varchar_pattern_ops);


--
-- Name: auth_group_permissions_group_id_b120cbf9; Type: INDEX; Schema: public; Owner: postgres
--

CREATE INDEX auth_group_permissions_group_id_b120cbf9 ON public.auth_group_permissions USING btree (group_id);


--
-- Name: auth_group_permissions_permission_id_84c5c92e; Type: INDEX; Schema: public; Owner: postgres
--

CREATE INDEX auth_group_permissions_permission_id_84c5c92e ON public.auth_group_permissions USING btree (permission_id);


--
-- Name: auth_permission_content_type_id_2f476e4b; Type: INDEX; Schema: public; Owner: postgres
--

CREATE INDEX auth_permission_content_type_id_2f476e4b ON public.auth_permission USING btree (content_type_id);


--
-- Name: auth_user_email_1c89df09_like; Type: INDEX; Schema: public; Owner: postgres
--

CREATE INDEX auth_user_email_1c89df09_like ON public.auth_user USING btree (email varchar_pattern_ops);


--
-- Name: auth_user_groups_group_id_97559544; Type: INDEX; Schema: public; Owner: postgres
--

CREATE INDEX auth_user_groups_group_id_97559544 ON public.auth_user_groups USING btree (group_id);


--
-- Name: auth_user_groups_user_id_6a12ed8b; Type: INDEX; Schema: public; Owner: postgres
--

CREATE INDEX auth_user_groups_user_id_6a12ed8b ON public.auth_user_groups USING btree (user_id);


--
-- Name: auth_user_user_permissions_permission_id_1fbb5f2c; Type: INDEX; Schema: public; Owner: postgres
--

CREATE INDEX auth_user_user_permissions_permission_id_1fbb5f2c ON public.auth_user_user_permissions USING btree (permission_id);


--
-- Name: auth_user_user_permissions_user_id_a95ead1b; Type: INDEX; Schema: public; Owner: postgres
--

CREATE INDEX auth_user_user_permissions_user_id_a95ead1b ON public.auth_user_user_permissions USING btree (user_id);


--
-- Name: auth_user_username_6821ab7c_like; Type: INDEX; Schema: public; Owner: postgres
--

CREATE INDEX auth_user_username_6821ab7c_like ON public.auth_user USING btree (username varchar_pattern_ops);


--
-- Name: django_admin_log_content_type_id_c4bce8eb; Type: INDEX; Schema: public; Owner: postgres
--

CREATE INDEX django_admin_log_content_type_id_c4bce8eb ON public.django_admin_log USING btree (content_type_id);


--
-- Name: django_admin_log_user_id_c564eba6; Type: INDEX; Schema: public; Owner: postgres
--

CREATE INDEX django_admin_log_user_id_c564eba6 ON public.django_admin_log USING btree (user_id);


--
-- Name: django_session_expire_date_a5c62663; Type: INDEX; Schema: public; Owner: postgres
--

CREATE INDEX django_session_expire_date_a5c62663 ON public.django_session USING btree (expire_date);


--
-- Name: django_session_session_key_c0390e0f_like; Type: INDEX; Schema: public; Owner: postgres
--

CREATE INDEX django_session_session_key_c0390e0f_like ON public.django_session USING btree (session_key varchar_pattern_ops);


--
-- Name: notifications_user_id_468e288d; Type: INDEX; Schema: public; Owner: postgres
--

CREATE INDEX notifications_user_id_468e288d ON public.notifications USING btree (user_id);


--
-- Name: auth_group_permissions auth_group_permissio_permission_id_84c5c92e_fk_auth_perm; Type: FK CONSTRAINT; Schema: public; Owner: postgres
--

ALTER TABLE ONLY public.auth_group_permissions
    ADD CONSTRAINT auth_group_permissio_permission_id_84c5c92e_fk_auth_perm FOREIGN KEY (permission_id) REFERENCES public.auth_permission(id) DEFERRABLE INITIALLY DEFERRED;


--
-- Name: auth_group_permissions auth_group_permissions_group_id_b120cbf9_fk_auth_group_id; Type: FK CONSTRAINT; Schema: public; Owner: postgres
--

ALTER TABLE ONLY public.auth_group_permissions
    ADD CONSTRAINT auth_group_permissions_group_id_b120cbf9_fk_auth_group_id FOREIGN KEY (group_id) REFERENCES public.auth_group(id) DEFERRABLE INITIALLY DEFERRED;


--
-- Name: auth_permission auth_permission_content_type_id_2f476e4b_fk_django_co; Type: FK CONSTRAINT; Schema: public; Owner: postgres
--

ALTER TABLE ONLY public.auth_permission
    ADD CONSTRAINT auth_permission_content_type_id_2f476e4b_fk_django_co FOREIGN KEY (content_type_id) REFERENCES public.django_content_type(id) DEFERRABLE INITIALLY DEFERRED;


--
-- Name: auth_user_groups auth_user_groups_group_id_97559544_fk_auth_group_id; Type: FK CONSTRAINT; Schema: public; Owner: postgres
--

ALTER TABLE ONLY public.auth_user_groups
    ADD CONSTRAINT auth_user_groups_group_id_97559544_fk_auth_group_id FOREIGN KEY (group_id) REFERENCES public.auth_group(id) DEFERRABLE INITIALLY DEFERRED;


--
-- Name: auth_user_groups auth_user_groups_user_id_6a12ed8b_fk_auth_user_id; Type: FK CONSTRAINT; Schema: public; Owner: postgres
--

ALTER TABLE ONLY public.auth_user_groups
    ADD CONSTRAINT auth_user_groups_user_id_6a12ed8b_fk_auth_user_id FOREIGN KEY (user_id) REFERENCES public.auth_user(id) DEFERRABLE INITIALLY DEFERRED;


--
-- Name: auth_user_user_permissions auth_user_user_permi_permission_id_1fbb5f2c_fk_auth_perm; Type: FK CONSTRAINT; Schema: public; Owner: postgres
--

ALTER TABLE ONLY public.auth_user_user_permissions
    ADD CONSTRAINT auth_user_user_permi_permission_id_1fbb5f2c_fk_auth_perm FOREIGN KEY (permission_id) REFERENCES public.auth_permission(id) DEFERRABLE INITIALLY DEFERRED;


--
-- Name: auth_user_user_permissions auth_user_user_permissions_user_id_a95ead1b_fk_auth_user_id; Type: FK CONSTRAINT; Schema: public; Owner: postgres
--

ALTER TABLE ONLY public.auth_user_user_permissions
    ADD CONSTRAINT auth_user_user_permissions_user_id_a95ead1b_fk_auth_user_id FOREIGN KEY (user_id) REFERENCES public.auth_user(id) DEFERRABLE INITIALLY DEFERRED;


--
-- Name: bookmarks bookmarks_book_id_fkey; Type: FK CONSTRAINT; Schema: public; Owner: postgres
--

ALTER TABLE ONLY public.bookmarks
    ADD CONSTRAINT bookmarks_book_id_fkey FOREIGN KEY (book_id) REFERENCES public.books(book_id) ON DELETE CASCADE;


--
-- Name: books books_author_id_fkey; Type: FK CONSTRAINT; Schema: public; Owner: postgres
--

ALTER TABLE ONLY public.books
    ADD CONSTRAINT books_author_id_fkey FOREIGN KEY (author_id) REFERENCES public.authors(author_id);


--
-- Name: books books_genre_id_fkey; Type: FK CONSTRAINT; Schema: public; Owner: postgres
--

ALTER TABLE ONLY public.books
    ADD CONSTRAINT books_genre_id_fkey FOREIGN KEY (genre_id) REFERENCES public.genres(genre_id) ON DELETE CASCADE;


--
-- Name: books books_publisher_id_fkey; Type: FK CONSTRAINT; Schema: public; Owner: postgres
--

ALTER TABLE ONLY public.books
    ADD CONSTRAINT books_publisher_id_fkey FOREIGN KEY (publisher_id) REFERENCES public.publishers(publisher_id) ON DELETE CASCADE;


--
-- Name: books books_subject_id_fkey; Type: FK CONSTRAINT; Schema: public; Owner: postgres
--

ALTER TABLE ONLY public.books
    ADD CONSTRAINT books_subject_id_fkey FOREIGN KEY (subject_id) REFERENCES public.subjects(subject_id) ON DELETE CASCADE;


--
-- Name: django_admin_log django_admin_log_content_type_id_c4bce8eb_fk_django_co; Type: FK CONSTRAINT; Schema: public; Owner: postgres
--

ALTER TABLE ONLY public.django_admin_log
    ADD CONSTRAINT django_admin_log_content_type_id_c4bce8eb_fk_django_co FOREIGN KEY (content_type_id) REFERENCES public.django_content_type(id) DEFERRABLE INITIALLY DEFERRED;


--
-- Name: django_admin_log django_admin_log_user_id_c564eba6_fk_auth_user_id; Type: FK CONSTRAINT; Schema: public; Owner: postgres
--

ALTER TABLE ONLY public.django_admin_log
    ADD CONSTRAINT django_admin_log_user_id_c564eba6_fk_auth_user_id FOREIGN KEY (user_id) REFERENCES public.auth_user(id) DEFERRABLE INITIALLY DEFERRED;


--
-- Name: auth_user fk_role; Type: FK CONSTRAINT; Schema: public; Owner: postgres
--

ALTER TABLE ONLY public.auth_user
    ADD CONSTRAINT fk_role FOREIGN KEY (role_id) REFERENCES public.user_roles(role_id) ON DELETE CASCADE;


--
-- Name: students fk_status; Type: FK CONSTRAINT; Schema: public; Owner: postgres
--

ALTER TABLE ONLY public.students
    ADD CONSTRAINT fk_status FOREIGN KEY (status_id) REFERENCES public.status(status_id) ON DELETE CASCADE;


--
-- Name: students fk_user; Type: FK CONSTRAINT; Schema: public; Owner: postgres
--

ALTER TABLE ONLY public.students
    ADD CONSTRAINT fk_user FOREIGN KEY (users_id) REFERENCES public.auth_user(id) ON DELETE CASCADE;


--
-- Name: notes fk_user; Type: FK CONSTRAINT; Schema: public; Owner: postgres
--

ALTER TABLE ONLY public.notes
    ADD CONSTRAINT fk_user FOREIGN KEY (users_id) REFERENCES public.auth_user(id) ON DELETE CASCADE;


--
-- Name: bookmarks fk_user; Type: FK CONSTRAINT; Schema: public; Owner: postgres
--

ALTER TABLE ONLY public.bookmarks
    ADD CONSTRAINT fk_user FOREIGN KEY (users_id) REFERENCES public.auth_user(id) ON DELETE CASCADE;


--
-- Name: reviews fk_user; Type: FK CONSTRAINT; Schema: public; Owner: postgres
--

ALTER TABLE ONLY public.reviews
    ADD CONSTRAINT fk_user FOREIGN KEY (users_id) REFERENCES public.auth_user(id) ON DELETE CASCADE;


--
-- Name: notes notes_book_id_fkey; Type: FK CONSTRAINT; Schema: public; Owner: postgres
--

ALTER TABLE ONLY public.notes
    ADD CONSTRAINT notes_book_id_fkey FOREIGN KEY (book_id) REFERENCES public.books(book_id) ON DELETE CASCADE;


--
-- Name: notifications notifications_user_id_468e288d_fk_auth_user_id; Type: FK CONSTRAINT; Schema: public; Owner: postgres
--

ALTER TABLE ONLY public.notifications
    ADD CONSTRAINT notifications_user_id_468e288d_fk_auth_user_id FOREIGN KEY (user_id) REFERENCES public.auth_user(id) DEFERRABLE INITIALLY DEFERRED;


--
-- Name: reviews reviews_book_id_fkey; Type: FK CONSTRAINT; Schema: public; Owner: postgres
--

ALTER TABLE ONLY public.reviews
    ADD CONSTRAINT reviews_book_id_fkey FOREIGN KEY (book_id) REFERENCES public.books(book_id) ON DELETE CASCADE;


--
-- Name: specialties specialties_institution_id_fkey; Type: FK CONSTRAINT; Schema: public; Owner: postgres
--

ALTER TABLE ONLY public.specialties
    ADD CONSTRAINT specialties_institution_id_fkey FOREIGN KEY (institution_id) REFERENCES public.educational_institution(institution_id) ON DELETE CASCADE;


--
-- Name: students students_specialty_id_fkey; Type: FK CONSTRAINT; Schema: public; Owner: postgres
--

ALTER TABLE ONLY public.students
    ADD CONSTRAINT students_specialty_id_fkey FOREIGN KEY (specialty_id) REFERENCES public.specialties(specialty_id) ON DELETE CASCADE;


--
-- Name: subject_specialty_link subject_specialty_link_specialty_id_fkey; Type: FK CONSTRAINT; Schema: public; Owner: postgres
--

ALTER TABLE ONLY public.subject_specialty_link
    ADD CONSTRAINT subject_specialty_link_specialty_id_fkey FOREIGN KEY (specialty_id) REFERENCES public.specialties(specialty_id) ON DELETE CASCADE;


--
-- Name: subject_specialty_link subject_specialty_link_subject_id_fkey; Type: FK CONSTRAINT; Schema: public; Owner: postgres
--

ALTER TABLE ONLY public.subject_specialty_link
    ADD CONSTRAINT subject_specialty_link_subject_id_fkey FOREIGN KEY (subject_id) REFERENCES public.subjects(subject_id) ON DELETE CASCADE;


--
-- Name: users_profile users_profile_user_id_2112e78d_fk_auth_user_id; Type: FK CONSTRAINT; Schema: public; Owner: postgres
--

ALTER TABLE ONLY public.users_profile
    ADD CONSTRAINT users_profile_user_id_2112e78d_fk_auth_user_id FOREIGN KEY (user_id) REFERENCES public.auth_user(id) DEFERRABLE INITIALLY DEFERRED;


--
-- PostgreSQL database dump complete
--

